DELIMITER $$

DROP FUNCTION IF EXISTS `CREATE_BLITZBALL_GAME`$$ 
 
CREATE FUNCTION CREATE_BLITZBALL_GAME(p_identifier INT, p_team_name VARCHAR(30)) RETURNS INT
    NOT DETERMINISTIC
BEGIN
    DECLARE v_game_id INT;
    DECLARE v_opp1 INT;
    DECLARE v_opp2 INT;
    DECLARE v_opp3 INT;
    DECLARE v_opp4 INT;
    DECLARE v_opp5 INT;
    DECLARE v_opp6 INT;
    DECLARE v_opp7 INT;
    
    INSERT INTO BB_TEAM(TEAM_NAME, LWING, RWING, MID, LBACK, RBACK, KEEPER) VALUES(p_team_name, 1, 2, 3, 4, 5, 6);
	SELECT LAST_INSERT_ID() INTO v_game_id;
    UPDATE BB_TEAM SET GAME_ID=v_game_id WHERE TEAM_ID=v_game_id;
    INSERT INTO BB_PLAYERS(PLAYER_ID, GAME_ID, NAME, MODEL, LEVEL, EXP,CURR_TEAM, SALARY, CONTRACT_LENGTH, KEYTECH1, KEYTECH2, KEYTECH3) VALUES(1, v_game_id, 'Wakka', 'stormtrooper20.dae', 1, 0, v_game_id, 550, 12, 3, 4, 5);
    INSERT INTO BB_PLAYER_TECHS(GAME_ID, PLAYER_ID, TECH_ID, LEARNED) VALUES (v_game_id, 1, 3, TRUE);
    INSERT INTO BB_PLAYER_TECHS(GAME_ID, PLAYER_ID, TECH_ID, LEARNED) VALUES (v_game_id, 1, 5, FALSE);
    INSERT INTO BB_PLAYER_TECHS(GAME_ID, PLAYER_ID, TECH_ID, LEARNED) VALUES (v_game_id, 1, 8, FALSE);
    INSERT INTO BB_PLAYER_TECHS(GAME_ID, PLAYER_ID, TECH_ID, LEARNED) VALUES (v_game_id, 1, 11, FALSE);
    INSERT INTO BB_PLAYER_TECHS(GAME_ID, PLAYER_ID, TECH_ID, LEARNED) VALUES (v_game_id, 1, 14, FALSE);
    INSERT INTO BB_PLAYER_TECHS(GAME_ID, PLAYER_ID, TECH_ID, LEARNED) VALUES (v_game_id, 1, 35, FALSE);
    INSERT INTO BB_PLAYER_TECHS(GAME_ID, PLAYER_ID, TECH_ID, LEARNED) VALUES (v_game_id, 1, 40, FALSE);
    INSERT INTO BB_PLAYER_TECHS(GAME_ID, PLAYER_ID, TECH_ID, LEARNED) VALUES (v_game_id, 1, 44, FALSE);
    INSERT INTO BB_PLAYERS(PLAYER_ID, GAME_ID, NAME, MODEL, LEVEL, EXP,CURR_TEAM, SALARY, CONTRACT_LENGTH, KEYTECH1, KEYTECH2, KEYTECH3) VALUES(2, v_game_id, 'Datto', 'stormtrooper20.dae', 1, 0, v_game_id, 370, 15, 3, 4, 5);
    INSERT INTO BB_PLAYER_TECHS(GAME_ID, PLAYER_ID, TECH_ID, LEARNED) VALUES (v_game_id, 2, 5, TRUE);
    INSERT INTO BB_PLAYER_TECHS(GAME_ID, PLAYER_ID, TECH_ID, LEARNED) VALUES (v_game_id, 2, 23, TRUE);
    INSERT INTO BB_PLAYER_TECHS(GAME_ID, PLAYER_ID, TECH_ID, LEARNED) VALUES (v_game_id, 2, 17, FALSE);
    INSERT INTO BB_PLAYER_TECHS(GAME_ID, PLAYER_ID, TECH_ID, LEARNED) VALUES (v_game_id, 2, 20, FALSE);
    INSERT INTO BB_PLAYER_TECHS(GAME_ID, PLAYER_ID, TECH_ID, LEARNED) VALUES (v_game_id, 2, 40, FALSE);
    INSERT INTO BB_PLAYER_TECHS(GAME_ID, PLAYER_ID, TECH_ID, LEARNED) VALUES (v_game_id, 2, 46, TRUE);
    INSERT INTO BB_PLAYER_TECHS(GAME_ID, PLAYER_ID, TECH_ID, LEARNED) VALUES (v_game_id, 2, 48, FALSE);
    INSERT INTO BB_PLAYERS(PLAYER_ID, GAME_ID, NAME, MODEL, LEVEL, EXP,CURR_TEAM, SALARY, CONTRACT_LENGTH, KEYTECH1, KEYTECH2, KEYTECH3) VALUES(3, v_game_id, 'Letty', 'stormtrooper20.dae', 1, 0, v_game_id, 420, 10, 3, 4, 5);
	INSERT INTO BB_PLAYER_TECHS(GAME_ID, PLAYER_ID, TECH_ID, LEARNED) VALUES (v_game_id, 3, 17, TRUE);
    INSERT INTO BB_PLAYER_TECHS(GAME_ID, PLAYER_ID, TECH_ID, LEARNED) VALUES (v_game_id, 3, 14, FALSE);
    INSERT INTO BB_PLAYER_TECHS(GAME_ID, PLAYER_ID, TECH_ID, LEARNED) VALUES (v_game_id, 3, 20, FALSE);
    INSERT INTO BB_PLAYER_TECHS(GAME_ID, PLAYER_ID, TECH_ID, LEARNED) VALUES (v_game_id, 3, 23, FALSE);
    INSERT INTO BB_PLAYER_TECHS(GAME_ID, PLAYER_ID, TECH_ID, LEARNED) VALUES (v_game_id, 3, 26, FALSE);
    INSERT INTO BB_PLAYER_TECHS(GAME_ID, PLAYER_ID, TECH_ID, LEARNED) VALUES (v_game_id, 3, 32, TRUE);
    INSERT INTO BB_PLAYER_TECHS(GAME_ID, PLAYER_ID, TECH_ID, LEARNED) VALUES (v_game_id, 3, 44, FALSE);
    INSERT INTO BB_PLAYER_TECHS(GAME_ID, PLAYER_ID, TECH_ID, LEARNED) VALUES (v_game_id, 3, 8, FALSE);
    INSERT INTO BB_PLAYERS(PLAYER_ID, GAME_ID, NAME, MODEL, LEVEL, EXP,CURR_TEAM, SALARY, CONTRACT_LENGTH, KEYTECH1, KEYTECH2, KEYTECH3) VALUES(4, v_game_id, 'Jassu', 'stormtrooper20.dae', 1, 0, v_game_id, 380, 8, 3, 4, 5);
    INSERT INTO BB_PLAYER_TECHS(GAME_ID, PLAYER_ID, TECH_ID, LEARNED) VALUES (v_game_id, 4, 14, TRUE);
    INSERT INTO BB_PLAYER_TECHS(GAME_ID, PLAYER_ID, TECH_ID, LEARNED) VALUES (v_game_id, 4, 20, FALSE);
    INSERT INTO BB_PLAYER_TECHS(GAME_ID, PLAYER_ID, TECH_ID, LEARNED) VALUES (v_game_id, 4, 26, TRUE);
    INSERT INTO BB_PLAYER_TECHS(GAME_ID, PLAYER_ID, TECH_ID, LEARNED) VALUES (v_game_id, 4, 29, FALSE);
    INSERT INTO BB_PLAYER_TECHS(GAME_ID, PLAYER_ID, TECH_ID, LEARNED) VALUES (v_game_id, 4, 32, FALSE);
    INSERT INTO BB_PLAYER_TECHS(GAME_ID, PLAYER_ID, TECH_ID, LEARNED) VALUES (v_game_id, 4, 35, FALSE);
    INSERT INTO BB_PLAYER_TECHS(GAME_ID, PLAYER_ID, TECH_ID, LEARNED) VALUES (v_game_id, 4, 40, FALSE);
    INSERT INTO BB_PLAYER_TECHS(GAME_ID, PLAYER_ID, TECH_ID, LEARNED) VALUES (v_game_id, 4, 42, FALSE);
    INSERT INTO BB_PLAYERS(PLAYER_ID, GAME_ID, NAME, MODEL, LEVEL, EXP,CURR_TEAM, SALARY, CONTRACT_LENGTH, KEYTECH1, KEYTECH2, KEYTECH3) VALUES(5, v_game_id, 'Botta', 'stormtrooper20.dae', 1, 0, v_game_id, 365, 7, 3, 4, 5);
    INSERT INTO BB_PLAYER_TECHS(GAME_ID, PLAYER_ID, TECH_ID, LEARNED) VALUES (v_game_id, 5, 14, FALSE);
    INSERT INTO BB_PLAYER_TECHS(GAME_ID, PLAYER_ID, TECH_ID, LEARNED) VALUES (v_game_id, 5, 20, TRUE);
    INSERT INTO BB_PLAYER_TECHS(GAME_ID, PLAYER_ID, TECH_ID, LEARNED) VALUES (v_game_id, 5, 26, TRUE);
    INSERT INTO BB_PLAYER_TECHS(GAME_ID, PLAYER_ID, TECH_ID, LEARNED) VALUES (v_game_id, 5, 29, FALSE);
    INSERT INTO BB_PLAYER_TECHS(GAME_ID, PLAYER_ID, TECH_ID, LEARNED) VALUES (v_game_id, 5, 32, FALSE);
    INSERT INTO BB_PLAYER_TECHS(GAME_ID, PLAYER_ID, TECH_ID, LEARNED) VALUES (v_game_id, 5, 35, TRUE);
    INSERT INTO BB_PLAYER_TECHS(GAME_ID, PLAYER_ID, TECH_ID, LEARNED) VALUES (v_game_id, 5, 40, FALSE);
    INSERT INTO BB_PLAYER_TECHS(GAME_ID, PLAYER_ID, TECH_ID, LEARNED) VALUES (v_game_id, 5, 44, FALSE);
    INSERT INTO BB_PLAYERS(PLAYER_ID, GAME_ID, NAME, MODEL, LEVEL, EXP,CURR_TEAM, SALARY, CONTRACT_LENGTH, KEYTECH1, KEYTECH2, KEYTECH3) VALUES(6, v_game_id, 'Keepa', 'stormtrooper20.dae', 1, 0, v_game_id, 400, 16, 3, 4, 5);
    INSERT INTO BB_PLAYER_TECHS(GAME_ID, PLAYER_ID, TECH_ID, LEARNED) VALUES (v_game_id, 6, 17, FALSE);
    INSERT INTO BB_PLAYER_TECHS(GAME_ID, PLAYER_ID, TECH_ID, LEARNED) VALUES (v_game_id, 6, 11, TRUE);
    INSERT INTO BB_PLAYER_TECHS(GAME_ID, PLAYER_ID, TECH_ID, LEARNED) VALUES (v_game_id, 6, 23, FALSE);
    INSERT INTO BB_PLAYER_TECHS(GAME_ID, PLAYER_ID, TECH_ID, LEARNED) VALUES (v_game_id, 6, 26, FALSE);
    INSERT INTO BB_PLAYER_TECHS(GAME_ID, PLAYER_ID, TECH_ID, LEARNED) VALUES (v_game_id, 6, 40, FALSE);
    INSERT INTO BB_PLAYER_TECHS(GAME_ID, PLAYER_ID, TECH_ID, LEARNED) VALUES (v_game_id, 6, 49, FALSE);
    
    INSERT INTO BB_TEAM(GAME_ID, TEAM_NAME, LWING, RWING, MID, LBACK, RBACK, KEEPER) VALUES(v_game_id, 'Luca Doers', 7, 8, 9, 10, 11, 12);
	SELECT LAST_INSERT_ID() INTO v_opp1;
    INSERT INTO BB_PLAYERS(PLAYER_ID, GAME_ID, NAME, MODEL, LEVEL, EXP,CURR_TEAM, SALARY, CONTRACT_LENGTH, KEYTECH1, KEYTECH2, KEYTECH3) VALUES(7, v_game_id, 'Bickson', 'stormtrooper20.dae', 1, 0, v_opp1, 510, 10, 3, 4, 5);
    INSERT INTO BB_PLAYER_TECHS(GAME_ID, PLAYER_ID, TECH_ID, LEARNED) VALUES (v_game_id, 7, 3, TRUE);
    INSERT INTO BB_PLAYER_TECHS(GAME_ID, PLAYER_ID, TECH_ID, LEARNED) VALUES (v_game_id, 7, 5, FALSE);
    INSERT INTO BB_PLAYER_TECHS(GAME_ID, PLAYER_ID, TECH_ID, LEARNED) VALUES (v_game_id, 7, 8, FALSE);
    INSERT INTO BB_PLAYER_TECHS(GAME_ID, PLAYER_ID, TECH_ID, LEARNED) VALUES (v_game_id, 7, 11, FALSE);
    INSERT INTO BB_PLAYER_TECHS(GAME_ID, PLAYER_ID, TECH_ID, LEARNED) VALUES (v_game_id, 7, 14, FALSE);
    INSERT INTO BB_PLAYER_TECHS(GAME_ID, PLAYER_ID, TECH_ID, LEARNED) VALUES (v_game_id, 7, 35, FALSE);
    INSERT INTO BB_PLAYER_TECHS(GAME_ID, PLAYER_ID, TECH_ID, LEARNED) VALUES (v_game_id, 7, 40, FALSE);
    INSERT INTO BB_PLAYER_TECHS(GAME_ID, PLAYER_ID, TECH_ID, LEARNED) VALUES (v_game_id, 7, 44, FALSE);
    INSERT INTO BB_PLAYERS(PLAYER_ID, GAME_ID, NAME, MODEL, LEVEL, EXP,CURR_TEAM, SALARY, CONTRACT_LENGTH, KEYTECH1, KEYTECH2, KEYTECH3) VALUES(8, v_game_id, 'Abus', 'stormtrooper20.dae', 1, 0, v_opp1, 500, 17, 3, 4, 5);
    INSERT INTO BB_PLAYER_TECHS(GAME_ID, PLAYER_ID, TECH_ID, LEARNED) VALUES (v_game_id, 8, 5, TRUE);
    INSERT INTO BB_PLAYER_TECHS(GAME_ID, PLAYER_ID, TECH_ID, LEARNED) VALUES (v_game_id, 8, 23, TRUE);
    INSERT INTO BB_PLAYER_TECHS(GAME_ID, PLAYER_ID, TECH_ID, LEARNED) VALUES (v_game_id, 8, 17, FALSE);
    INSERT INTO BB_PLAYER_TECHS(GAME_ID, PLAYER_ID, TECH_ID, LEARNED) VALUES (v_game_id, 8, 20, FALSE);
    INSERT INTO BB_PLAYER_TECHS(GAME_ID, PLAYER_ID, TECH_ID, LEARNED) VALUES (v_game_id, 8, 40, FALSE);
    INSERT INTO BB_PLAYER_TECHS(GAME_ID, PLAYER_ID, TECH_ID, LEARNED) VALUES (v_game_id, 8, 46, TRUE);
    INSERT INTO BB_PLAYER_TECHS(GAME_ID, PLAYER_ID, TECH_ID, LEARNED) VALUES (v_game_id, 8, 48, FALSE);
    INSERT INTO BB_PLAYERS(PLAYER_ID, GAME_ID, NAME, MODEL, LEVEL, EXP,CURR_TEAM, SALARY, CONTRACT_LENGTH, KEYTECH1, KEYTECH2, KEYTECH3) VALUES(9, v_game_id, 'Graav', 'stormtrooper20.dae', 1, 0, v_opp1, 480, 10, 3, 4, 5);
	INSERT INTO BB_PLAYER_TECHS(GAME_ID, PLAYER_ID, TECH_ID, LEARNED) VALUES (v_game_id, 9, 17, TRUE);
    INSERT INTO BB_PLAYER_TECHS(GAME_ID, PLAYER_ID, TECH_ID, LEARNED) VALUES (v_game_id, 9, 14, FALSE);
    INSERT INTO BB_PLAYER_TECHS(GAME_ID, PLAYER_ID, TECH_ID, LEARNED) VALUES (v_game_id, 9, 20, FALSE);
    INSERT INTO BB_PLAYER_TECHS(GAME_ID, PLAYER_ID, TECH_ID, LEARNED) VALUES (v_game_id, 9, 23, FALSE);
    INSERT INTO BB_PLAYER_TECHS(GAME_ID, PLAYER_ID, TECH_ID, LEARNED) VALUES (v_game_id, 9, 26, FALSE);
    INSERT INTO BB_PLAYER_TECHS(GAME_ID, PLAYER_ID, TECH_ID, LEARNED) VALUES (v_game_id, 9, 32, TRUE);
    INSERT INTO BB_PLAYER_TECHS(GAME_ID, PLAYER_ID, TECH_ID, LEARNED) VALUES (v_game_id, 9, 44, FALSE);
    INSERT INTO BB_PLAYER_TECHS(GAME_ID, PLAYER_ID, TECH_ID, LEARNED) VALUES (v_game_id, 9, 8, FALSE);
    INSERT INTO BB_PLAYERS(PLAYER_ID, GAME_ID, NAME, MODEL, LEVEL, EXP,CURR_TEAM, SALARY, CONTRACT_LENGTH, KEYTECH1, KEYTECH2, KEYTECH3) VALUES(10, v_game_id, 'Balgerda', 'stormtrooper20.dae', 1, 0, v_opp1, 470, 19, 3, 4, 5);
    INSERT INTO BB_PLAYER_TECHS(GAME_ID, PLAYER_ID, TECH_ID, LEARNED) VALUES (v_game_id, 10, 14, TRUE);
    INSERT INTO BB_PLAYER_TECHS(GAME_ID, PLAYER_ID, TECH_ID, LEARNED) VALUES (v_game_id, 10, 20, FALSE);
    INSERT INTO BB_PLAYER_TECHS(GAME_ID, PLAYER_ID, TECH_ID, LEARNED) VALUES (v_game_id, 10, 26, TRUE);
    INSERT INTO BB_PLAYER_TECHS(GAME_ID, PLAYER_ID, TECH_ID, LEARNED) VALUES (v_game_id, 10, 29, FALSE);
    INSERT INTO BB_PLAYER_TECHS(GAME_ID, PLAYER_ID, TECH_ID, LEARNED) VALUES (v_game_id, 10, 32, FALSE);
    INSERT INTO BB_PLAYER_TECHS(GAME_ID, PLAYER_ID, TECH_ID, LEARNED) VALUES (v_game_id, 10, 35, FALSE);
    INSERT INTO BB_PLAYER_TECHS(GAME_ID, PLAYER_ID, TECH_ID, LEARNED) VALUES (v_game_id, 10, 40, FALSE);
    INSERT INTO BB_PLAYER_TECHS(GAME_ID, PLAYER_ID, TECH_ID, LEARNED) VALUES (v_game_id, 10, 42, FALSE);
    INSERT INTO BB_PLAYERS(PLAYER_ID, GAME_ID, NAME, MODEL, LEVEL, EXP,CURR_TEAM, SALARY, CONTRACT_LENGTH, KEYTECH1, KEYTECH2, KEYTECH3) VALUES(11, v_game_id, 'Doram', 'stormtrooper20.dae', 1, 0, v_opp1, 455, 18, 3, 4, 5);
    INSERT INTO BB_PLAYER_TECHS(GAME_ID, PLAYER_ID, TECH_ID, LEARNED) VALUES (v_game_id, 11, 14, FALSE);
    INSERT INTO BB_PLAYER_TECHS(GAME_ID, PLAYER_ID, TECH_ID, LEARNED) VALUES (v_game_id, 11, 20, TRUE);
    INSERT INTO BB_PLAYER_TECHS(GAME_ID, PLAYER_ID, TECH_ID, LEARNED) VALUES (v_game_id, 11, 26, TRUE);
    INSERT INTO BB_PLAYER_TECHS(GAME_ID, PLAYER_ID, TECH_ID, LEARNED) VALUES (v_game_id, 11, 29, FALSE);
    INSERT INTO BB_PLAYER_TECHS(GAME_ID, PLAYER_ID, TECH_ID, LEARNED) VALUES (v_game_id, 11, 32, FALSE);
    INSERT INTO BB_PLAYER_TECHS(GAME_ID, PLAYER_ID, TECH_ID, LEARNED) VALUES (v_game_id, 11, 35, TRUE);
    INSERT INTO BB_PLAYER_TECHS(GAME_ID, PLAYER_ID, TECH_ID, LEARNED) VALUES (v_game_id, 11, 40, FALSE);
    INSERT INTO BB_PLAYER_TECHS(GAME_ID, PLAYER_ID, TECH_ID, LEARNED) VALUES (v_game_id, 11, 44, FALSE);
    INSERT INTO BB_PLAYERS(PLAYER_ID, GAME_ID, NAME, MODEL, LEVEL, EXP,CURR_TEAM, SALARY, CONTRACT_LENGTH, KEYTECH1, KEYTECH2, KEYTECH3) VALUES(12, v_game_id, 'Raudy', 'stormtrooper20.dae', 1, 0, v_opp1, 510, 22, 3, 4, 5);
    INSERT INTO BB_PLAYER_TECHS(GAME_ID, PLAYER_ID, TECH_ID, LEARNED) VALUES (v_game_id, 12, 17, FALSE);
    INSERT INTO BB_PLAYER_TECHS(GAME_ID, PLAYER_ID, TECH_ID, LEARNED) VALUES (v_game_id, 12, 11, TRUE);
    INSERT INTO BB_PLAYER_TECHS(GAME_ID, PLAYER_ID, TECH_ID, LEARNED) VALUES (v_game_id, 12, 23, FALSE);
    INSERT INTO BB_PLAYER_TECHS(GAME_ID, PLAYER_ID, TECH_ID, LEARNED) VALUES (v_game_id, 12, 26, FALSE);
    INSERT INTO BB_PLAYER_TECHS(GAME_ID, PLAYER_ID, TECH_ID, LEARNED) VALUES (v_game_id, 12, 40, FALSE);
    INSERT INTO BB_PLAYER_TECHS(GAME_ID, PLAYER_ID, TECH_ID, LEARNED) VALUES (v_game_id, 12, 49, FALSE);
    
    INSERT INTO BB_TEAM(GAME_ID, TEAM_NAME, LWING, RWING, MID, LBACK, RBACK, KEEPER) VALUES(v_game_id, 'Guadosalam Triumphs', 13, 14, 15, 16, 17, 18);
	SELECT LAST_INSERT_ID() INTO v_opp2;
    INSERT INTO BB_PLAYERS(PLAYER_ID, GAME_ID, NAME, MODEL, LEVEL, EXP,CURR_TEAM, SALARY, CONTRACT_LENGTH, KEYTECH1, KEYTECH2, KEYTECH3) VALUES(13, v_game_id, 'Bickson', 'stormtrooper20.dae', 1, 0, v_opp2, 410, 10, 3, 4, 5);
    INSERT INTO BB_PLAYER_TECHS(GAME_ID, PLAYER_ID, TECH_ID, LEARNED) VALUES (v_game_id, 13, 3, TRUE);
    INSERT INTO BB_PLAYER_TECHS(GAME_ID, PLAYER_ID, TECH_ID, LEARNED) VALUES (v_game_id, 13, 5, FALSE);
    INSERT INTO BB_PLAYER_TECHS(GAME_ID, PLAYER_ID, TECH_ID, LEARNED) VALUES (v_game_id, 13, 8, FALSE);
    INSERT INTO BB_PLAYER_TECHS(GAME_ID, PLAYER_ID, TECH_ID, LEARNED) VALUES (v_game_id, 13, 11, FALSE);
    INSERT INTO BB_PLAYER_TECHS(GAME_ID, PLAYER_ID, TECH_ID, LEARNED) VALUES (v_game_id, 13, 14, FALSE);
    INSERT INTO BB_PLAYER_TECHS(GAME_ID, PLAYER_ID, TECH_ID, LEARNED) VALUES (v_game_id, 13, 35, FALSE);
    INSERT INTO BB_PLAYER_TECHS(GAME_ID, PLAYER_ID, TECH_ID, LEARNED) VALUES (v_game_id, 13, 40, FALSE);
    INSERT INTO BB_PLAYER_TECHS(GAME_ID, PLAYER_ID, TECH_ID, LEARNED) VALUES (v_game_id, 13, 44, FALSE);
    INSERT INTO BB_PLAYERS(PLAYER_ID, GAME_ID, NAME, MODEL, LEVEL, EXP,CURR_TEAM, SALARY, CONTRACT_LENGTH, KEYTECH1, KEYTECH2, KEYTECH3) VALUES(14, v_game_id, 'Abus', 'stormtrooper20.dae', 1, 0, v_opp2, 510, 17, 3, 4, 5);
    INSERT INTO BB_PLAYER_TECHS(GAME_ID, PLAYER_ID, TECH_ID, LEARNED) VALUES (v_game_id, 14, 5, TRUE);
    INSERT INTO BB_PLAYER_TECHS(GAME_ID, PLAYER_ID, TECH_ID, LEARNED) VALUES (v_game_id, 14, 23, TRUE);
    INSERT INTO BB_PLAYER_TECHS(GAME_ID, PLAYER_ID, TECH_ID, LEARNED) VALUES (v_game_id, 14, 17, FALSE);
    INSERT INTO BB_PLAYER_TECHS(GAME_ID, PLAYER_ID, TECH_ID, LEARNED) VALUES (v_game_id, 14, 20, FALSE);
    INSERT INTO BB_PLAYER_TECHS(GAME_ID, PLAYER_ID, TECH_ID, LEARNED) VALUES (v_game_id, 14, 40, FALSE);
    INSERT INTO BB_PLAYER_TECHS(GAME_ID, PLAYER_ID, TECH_ID, LEARNED) VALUES (v_game_id, 14, 46, TRUE);
    INSERT INTO BB_PLAYER_TECHS(GAME_ID, PLAYER_ID, TECH_ID, LEARNED) VALUES (v_game_id, 14, 48, FALSE);
    INSERT INTO BB_PLAYERS(PLAYER_ID, GAME_ID, NAME, MODEL, LEVEL, EXP,CURR_TEAM, SALARY, CONTRACT_LENGTH, KEYTECH1, KEYTECH2, KEYTECH3) VALUES(15, v_game_id, 'Graav', 'stormtrooper20.dae', 1, 0, v_opp2, 430, 10, 3, 4, 5);
	INSERT INTO BB_PLAYER_TECHS(GAME_ID, PLAYER_ID, TECH_ID, LEARNED) VALUES (v_game_id, 15, 17, TRUE);
    INSERT INTO BB_PLAYER_TECHS(GAME_ID, PLAYER_ID, TECH_ID, LEARNED) VALUES (v_game_id, 15, 14, FALSE);
    INSERT INTO BB_PLAYER_TECHS(GAME_ID, PLAYER_ID, TECH_ID, LEARNED) VALUES (v_game_id, 15, 20, FALSE);
    INSERT INTO BB_PLAYER_TECHS(GAME_ID, PLAYER_ID, TECH_ID, LEARNED) VALUES (v_game_id, 15, 23, FALSE);
    INSERT INTO BB_PLAYER_TECHS(GAME_ID, PLAYER_ID, TECH_ID, LEARNED) VALUES (v_game_id, 15, 26, FALSE);
    INSERT INTO BB_PLAYER_TECHS(GAME_ID, PLAYER_ID, TECH_ID, LEARNED) VALUES (v_game_id, 15, 32, TRUE);
    INSERT INTO BB_PLAYER_TECHS(GAME_ID, PLAYER_ID, TECH_ID, LEARNED) VALUES (v_game_id, 15, 44, FALSE);
    INSERT INTO BB_PLAYER_TECHS(GAME_ID, PLAYER_ID, TECH_ID, LEARNED) VALUES (v_game_id, 15, 8, FALSE);
    INSERT INTO BB_PLAYERS(PLAYER_ID, GAME_ID, NAME, MODEL, LEVEL, EXP,CURR_TEAM, SALARY, CONTRACT_LENGTH, KEYTECH1, KEYTECH2, KEYTECH3) VALUES(16, v_game_id, 'Balgerda', 'stormtrooper20.dae', 1, 0, v_opp2, 430, 19, 3, 4, 5);
    INSERT INTO BB_PLAYER_TECHS(GAME_ID, PLAYER_ID, TECH_ID, LEARNED) VALUES (v_game_id, 16, 14, TRUE);
    INSERT INTO BB_PLAYER_TECHS(GAME_ID, PLAYER_ID, TECH_ID, LEARNED) VALUES (v_game_id, 16, 20, FALSE);
    INSERT INTO BB_PLAYER_TECHS(GAME_ID, PLAYER_ID, TECH_ID, LEARNED) VALUES (v_game_id, 16, 26, TRUE);
    INSERT INTO BB_PLAYER_TECHS(GAME_ID, PLAYER_ID, TECH_ID, LEARNED) VALUES (v_game_id, 16, 29, FALSE);
    INSERT INTO BB_PLAYER_TECHS(GAME_ID, PLAYER_ID, TECH_ID, LEARNED) VALUES (v_game_id, 16, 32, FALSE);
    INSERT INTO BB_PLAYER_TECHS(GAME_ID, PLAYER_ID, TECH_ID, LEARNED) VALUES (v_game_id, 16, 35, FALSE);
    INSERT INTO BB_PLAYER_TECHS(GAME_ID, PLAYER_ID, TECH_ID, LEARNED) VALUES (v_game_id, 16, 40, FALSE);
    INSERT INTO BB_PLAYER_TECHS(GAME_ID, PLAYER_ID, TECH_ID, LEARNED) VALUES (v_game_id, 16, 42, FALSE);
    INSERT INTO BB_PLAYERS(PLAYER_ID, GAME_ID, NAME, MODEL, LEVEL, EXP,CURR_TEAM, SALARY, CONTRACT_LENGTH, KEYTECH1, KEYTECH2, KEYTECH3) VALUES(17, v_game_id, 'Doram', 'stormtrooper20.dae', 1, 0, v_opp2, 450, 18, 3, 4, 5);
    INSERT INTO BB_PLAYER_TECHS(GAME_ID, PLAYER_ID, TECH_ID, LEARNED) VALUES (v_game_id, 17, 14, FALSE);
    INSERT INTO BB_PLAYER_TECHS(GAME_ID, PLAYER_ID, TECH_ID, LEARNED) VALUES (v_game_id, 17, 20, TRUE);
    INSERT INTO BB_PLAYER_TECHS(GAME_ID, PLAYER_ID, TECH_ID, LEARNED) VALUES (v_game_id, 17, 26, TRUE);
    INSERT INTO BB_PLAYER_TECHS(GAME_ID, PLAYER_ID, TECH_ID, LEARNED) VALUES (v_game_id, 17, 29, FALSE);
    INSERT INTO BB_PLAYER_TECHS(GAME_ID, PLAYER_ID, TECH_ID, LEARNED) VALUES (v_game_id, 17, 32, FALSE);
    INSERT INTO BB_PLAYER_TECHS(GAME_ID, PLAYER_ID, TECH_ID, LEARNED) VALUES (v_game_id, 17, 35, TRUE);
    INSERT INTO BB_PLAYER_TECHS(GAME_ID, PLAYER_ID, TECH_ID, LEARNED) VALUES (v_game_id, 17, 40, FALSE);
    INSERT INTO BB_PLAYER_TECHS(GAME_ID, PLAYER_ID, TECH_ID, LEARNED) VALUES (v_game_id, 17, 44, FALSE);
    INSERT INTO BB_PLAYERS(PLAYER_ID, GAME_ID, NAME, MODEL, LEVEL, EXP,CURR_TEAM, SALARY, CONTRACT_LENGTH, KEYTECH1, KEYTECH2, KEYTECH3) VALUES(18, v_game_id, 'Raudy', 'stormtrooper20.dae', 1, 0, v_opp2, 460, 22, 3, 4, 5);
    INSERT INTO BB_PLAYER_TECHS(GAME_ID, PLAYER_ID, TECH_ID, LEARNED) VALUES (v_game_id, 18, 17, FALSE);
    INSERT INTO BB_PLAYER_TECHS(GAME_ID, PLAYER_ID, TECH_ID, LEARNED) VALUES (v_game_id, 18, 11, TRUE);
    INSERT INTO BB_PLAYER_TECHS(GAME_ID, PLAYER_ID, TECH_ID, LEARNED) VALUES (v_game_id, 18, 23, FALSE);
    INSERT INTO BB_PLAYER_TECHS(GAME_ID, PLAYER_ID, TECH_ID, LEARNED) VALUES (v_game_id, 18, 26, FALSE);
    INSERT INTO BB_PLAYER_TECHS(GAME_ID, PLAYER_ID, TECH_ID, LEARNED) VALUES (v_game_id, 18, 40, FALSE);
    INSERT INTO BB_PLAYER_TECHS(GAME_ID, PLAYER_ID, TECH_ID, LEARNED) VALUES (v_game_id, 18, 49, FALSE);
    
    INSERT INTO BB_TEAM(GAME_ID, TEAM_NAME, LWING, RWING, MID, LBACK, RBACK, KEEPER) VALUES(v_game_id, 'Gagazet Talons', 19, 20, 21, 22, 23, 24);
	SELECT LAST_INSERT_ID() INTO v_opp3;
    INSERT INTO BB_PLAYERS(PLAYER_ID, GAME_ID, NAME, MODEL, LEVEL, EXP,CURR_TEAM, SALARY, CONTRACT_LENGTH, KEYTECH1, KEYTECH2, KEYTECH3) VALUES(19, v_game_id, 'Bickson', 'stormtrooper20.dae', 1, 0, v_opp3, 460, 10, 3, 4, 5);
    INSERT INTO BB_PLAYER_TECHS(GAME_ID, PLAYER_ID, TECH_ID, LEARNED) VALUES (v_game_id, 19, 3, TRUE);
    INSERT INTO BB_PLAYER_TECHS(GAME_ID, PLAYER_ID, TECH_ID, LEARNED) VALUES (v_game_id, 19, 5, FALSE);
    INSERT INTO BB_PLAYER_TECHS(GAME_ID, PLAYER_ID, TECH_ID, LEARNED) VALUES (v_game_id, 19, 8, FALSE);
    INSERT INTO BB_PLAYER_TECHS(GAME_ID, PLAYER_ID, TECH_ID, LEARNED) VALUES (v_game_id, 19, 11, FALSE);
    INSERT INTO BB_PLAYER_TECHS(GAME_ID, PLAYER_ID, TECH_ID, LEARNED) VALUES (v_game_id, 19, 14, FALSE);
    INSERT INTO BB_PLAYER_TECHS(GAME_ID, PLAYER_ID, TECH_ID, LEARNED) VALUES (v_game_id, 19, 35, FALSE);
    INSERT INTO BB_PLAYER_TECHS(GAME_ID, PLAYER_ID, TECH_ID, LEARNED) VALUES (v_game_id, 19, 40, FALSE);
    INSERT INTO BB_PLAYER_TECHS(GAME_ID, PLAYER_ID, TECH_ID, LEARNED) VALUES (v_game_id, 19, 44, FALSE);
    INSERT INTO BB_PLAYERS(PLAYER_ID, GAME_ID, NAME, MODEL, LEVEL, EXP,CURR_TEAM, SALARY, CONTRACT_LENGTH, KEYTECH1, KEYTECH2, KEYTECH3) VALUES(20, v_game_id, 'Abus', 'stormtrooper20.dae', 1, 0, v_opp3, 480, 7, 3, 4, 5);
    INSERT INTO BB_PLAYER_TECHS(GAME_ID, PLAYER_ID, TECH_ID, LEARNED) VALUES (v_game_id, 20, 5, TRUE);
    INSERT INTO BB_PLAYER_TECHS(GAME_ID, PLAYER_ID, TECH_ID, LEARNED) VALUES (v_game_id, 20, 23, TRUE);
    INSERT INTO BB_PLAYER_TECHS(GAME_ID, PLAYER_ID, TECH_ID, LEARNED) VALUES (v_game_id, 20, 17, FALSE);
    INSERT INTO BB_PLAYER_TECHS(GAME_ID, PLAYER_ID, TECH_ID, LEARNED) VALUES (v_game_id, 20, 20, FALSE);
    INSERT INTO BB_PLAYER_TECHS(GAME_ID, PLAYER_ID, TECH_ID, LEARNED) VALUES (v_game_id, 20, 40, FALSE);
    INSERT INTO BB_PLAYER_TECHS(GAME_ID, PLAYER_ID, TECH_ID, LEARNED) VALUES (v_game_id, 20, 46, TRUE);
    INSERT INTO BB_PLAYER_TECHS(GAME_ID, PLAYER_ID, TECH_ID, LEARNED) VALUES (v_game_id, 20, 48, FALSE);
    INSERT INTO BB_PLAYERS(PLAYER_ID, GAME_ID, NAME, MODEL, LEVEL, EXP,CURR_TEAM, SALARY, CONTRACT_LENGTH, KEYTECH1, KEYTECH2, KEYTECH3) VALUES(21, v_game_id, 'Graav', 'stormtrooper20.dae', 1, 0, v_opp3, 520, 10, 3, 4, 5);
	INSERT INTO BB_PLAYER_TECHS(GAME_ID, PLAYER_ID, TECH_ID, LEARNED) VALUES (v_game_id, 21, 17, TRUE);
    INSERT INTO BB_PLAYER_TECHS(GAME_ID, PLAYER_ID, TECH_ID, LEARNED) VALUES (v_game_id, 21, 14, FALSE);
    INSERT INTO BB_PLAYER_TECHS(GAME_ID, PLAYER_ID, TECH_ID, LEARNED) VALUES (v_game_id, 21, 20, FALSE);
    INSERT INTO BB_PLAYER_TECHS(GAME_ID, PLAYER_ID, TECH_ID, LEARNED) VALUES (v_game_id, 21, 23, FALSE);
    INSERT INTO BB_PLAYER_TECHS(GAME_ID, PLAYER_ID, TECH_ID, LEARNED) VALUES (v_game_id, 21, 26, FALSE);
    INSERT INTO BB_PLAYER_TECHS(GAME_ID, PLAYER_ID, TECH_ID, LEARNED) VALUES (v_game_id, 21, 32, TRUE);
    INSERT INTO BB_PLAYER_TECHS(GAME_ID, PLAYER_ID, TECH_ID, LEARNED) VALUES (v_game_id, 21, 44, FALSE);
    INSERT INTO BB_PLAYER_TECHS(GAME_ID, PLAYER_ID, TECH_ID, LEARNED) VALUES (v_game_id, 21, 8, FALSE);
    INSERT INTO BB_PLAYERS(PLAYER_ID, GAME_ID, NAME, MODEL, LEVEL, EXP,CURR_TEAM, SALARY, CONTRACT_LENGTH, KEYTECH1, KEYTECH2, KEYTECH3) VALUES(22, v_game_id, 'Balgerda', 'stormtrooper20.dae', 1, 0, v_opp3, 500, 19, 3, 4, 5);
    INSERT INTO BB_PLAYER_TECHS(GAME_ID, PLAYER_ID, TECH_ID, LEARNED) VALUES (v_game_id, 22, 14, TRUE);
    INSERT INTO BB_PLAYER_TECHS(GAME_ID, PLAYER_ID, TECH_ID, LEARNED) VALUES (v_game_id, 22, 20, FALSE);
    INSERT INTO BB_PLAYER_TECHS(GAME_ID, PLAYER_ID, TECH_ID, LEARNED) VALUES (v_game_id, 22, 26, TRUE);
    INSERT INTO BB_PLAYER_TECHS(GAME_ID, PLAYER_ID, TECH_ID, LEARNED) VALUES (v_game_id, 22, 29, FALSE);
    INSERT INTO BB_PLAYER_TECHS(GAME_ID, PLAYER_ID, TECH_ID, LEARNED) VALUES (v_game_id, 22, 32, FALSE);
    INSERT INTO BB_PLAYER_TECHS(GAME_ID, PLAYER_ID, TECH_ID, LEARNED) VALUES (v_game_id, 22, 35, FALSE);
    INSERT INTO BB_PLAYER_TECHS(GAME_ID, PLAYER_ID, TECH_ID, LEARNED) VALUES (v_game_id, 22, 40, FALSE);
    INSERT INTO BB_PLAYER_TECHS(GAME_ID, PLAYER_ID, TECH_ID, LEARNED) VALUES (v_game_id, 22, 42, FALSE);
    INSERT INTO BB_PLAYERS(PLAYER_ID, GAME_ID, NAME, MODEL, LEVEL, EXP,CURR_TEAM, SALARY, CONTRACT_LENGTH, KEYTECH1, KEYTECH2, KEYTECH3) VALUES(23, v_game_id, 'Doram', 'stormtrooper20.dae', 1, 0, v_opp3, 570, 18, 3, 4, 5);
    INSERT INTO BB_PLAYER_TECHS(GAME_ID, PLAYER_ID, TECH_ID, LEARNED) VALUES (v_game_id, 23, 14, FALSE);
    INSERT INTO BB_PLAYER_TECHS(GAME_ID, PLAYER_ID, TECH_ID, LEARNED) VALUES (v_game_id, 23, 20, TRUE);
    INSERT INTO BB_PLAYER_TECHS(GAME_ID, PLAYER_ID, TECH_ID, LEARNED) VALUES (v_game_id, 23, 26, TRUE);
    INSERT INTO BB_PLAYER_TECHS(GAME_ID, PLAYER_ID, TECH_ID, LEARNED) VALUES (v_game_id, 23, 29, FALSE);
    INSERT INTO BB_PLAYER_TECHS(GAME_ID, PLAYER_ID, TECH_ID, LEARNED) VALUES (v_game_id, 23, 32, FALSE);
    INSERT INTO BB_PLAYER_TECHS(GAME_ID, PLAYER_ID, TECH_ID, LEARNED) VALUES (v_game_id, 23, 35, TRUE);
    INSERT INTO BB_PLAYER_TECHS(GAME_ID, PLAYER_ID, TECH_ID, LEARNED) VALUES (v_game_id, 23, 40, FALSE);
    INSERT INTO BB_PLAYER_TECHS(GAME_ID, PLAYER_ID, TECH_ID, LEARNED) VALUES (v_game_id, 23, 44, FALSE);
    INSERT INTO BB_PLAYERS(PLAYER_ID, GAME_ID, NAME, MODEL, LEVEL, EXP,CURR_TEAM, SALARY, CONTRACT_LENGTH, KEYTECH1, KEYTECH2, KEYTECH3) VALUES(24, v_game_id, 'Raudy', 'stormtrooper20.dae', 1, 0, v_opp3, 470, 22, 3, 4, 5);
    INSERT INTO BB_PLAYER_TECHS(GAME_ID, PLAYER_ID, TECH_ID, LEARNED) VALUES (v_game_id, 24, 17, FALSE);
    INSERT INTO BB_PLAYER_TECHS(GAME_ID, PLAYER_ID, TECH_ID, LEARNED) VALUES (v_game_id, 24, 11, TRUE);
    INSERT INTO BB_PLAYER_TECHS(GAME_ID, PLAYER_ID, TECH_ID, LEARNED) VALUES (v_game_id, 24, 23, FALSE);
    INSERT INTO BB_PLAYER_TECHS(GAME_ID, PLAYER_ID, TECH_ID, LEARNED) VALUES (v_game_id, 24, 26, FALSE);
    INSERT INTO BB_PLAYER_TECHS(GAME_ID, PLAYER_ID, TECH_ID, LEARNED) VALUES (v_game_id, 24, 40, FALSE);
    INSERT INTO BB_PLAYER_TECHS(GAME_ID, PLAYER_ID, TECH_ID, LEARNED) VALUES (v_game_id, 24, 49, FALSE);
    
    INSERT INTO BB_TEAM(GAME_ID, TEAM_NAME, LWING, RWING, MID, LBACK, RBACK, KEEPER) VALUES(v_game_id, 'Kilika Monsters', 25, 26, 27, 28, 29, 30);
	SELECT LAST_INSERT_ID() INTO v_opp4;
    INSERT INTO BB_PLAYERS(PLAYER_ID, GAME_ID, NAME, MODEL, LEVEL, EXP,CURR_TEAM, SALARY, CONTRACT_LENGTH, KEYTECH1, KEYTECH2, KEYTECH3) VALUES(25, v_game_id, 'Bickson', 'stormtrooper20.dae', 1, 0, v_opp4, 470, 10, 3, 4, 5);
    INSERT INTO BB_PLAYER_TECHS(GAME_ID, PLAYER_ID, TECH_ID, LEARNED) VALUES (v_game_id, 25, 3, TRUE);
    INSERT INTO BB_PLAYER_TECHS(GAME_ID, PLAYER_ID, TECH_ID, LEARNED) VALUES (v_game_id, 25, 5, FALSE);
    INSERT INTO BB_PLAYER_TECHS(GAME_ID, PLAYER_ID, TECH_ID, LEARNED) VALUES (v_game_id, 25, 8, FALSE);
    INSERT INTO BB_PLAYER_TECHS(GAME_ID, PLAYER_ID, TECH_ID, LEARNED) VALUES (v_game_id, 25, 11, FALSE);
    INSERT INTO BB_PLAYER_TECHS(GAME_ID, PLAYER_ID, TECH_ID, LEARNED) VALUES (v_game_id, 25, 14, FALSE);
    INSERT INTO BB_PLAYER_TECHS(GAME_ID, PLAYER_ID, TECH_ID, LEARNED) VALUES (v_game_id, 25, 35, FALSE);
    INSERT INTO BB_PLAYER_TECHS(GAME_ID, PLAYER_ID, TECH_ID, LEARNED) VALUES (v_game_id, 25, 40, FALSE);
    INSERT INTO BB_PLAYER_TECHS(GAME_ID, PLAYER_ID, TECH_ID, LEARNED) VALUES (v_game_id, 25, 44, FALSE);
    INSERT INTO BB_PLAYERS(PLAYER_ID, GAME_ID, NAME, MODEL, LEVEL, EXP,CURR_TEAM, SALARY, CONTRACT_LENGTH, KEYTECH1, KEYTECH2, KEYTECH3) VALUES(26, v_game_id, 'Abus', 'stormtrooper20.dae', 1, 0, v_opp4, 470, 17, 3, 4, 5);
    INSERT INTO BB_PLAYER_TECHS(GAME_ID, PLAYER_ID, TECH_ID, LEARNED) VALUES (v_game_id, 26, 5, TRUE);
    INSERT INTO BB_PLAYER_TECHS(GAME_ID, PLAYER_ID, TECH_ID, LEARNED) VALUES (v_game_id, 26, 23, TRUE);
    INSERT INTO BB_PLAYER_TECHS(GAME_ID, PLAYER_ID, TECH_ID, LEARNED) VALUES (v_game_id, 26, 17, FALSE);
    INSERT INTO BB_PLAYER_TECHS(GAME_ID, PLAYER_ID, TECH_ID, LEARNED) VALUES (v_game_id, 26, 20, FALSE);
    INSERT INTO BB_PLAYER_TECHS(GAME_ID, PLAYER_ID, TECH_ID, LEARNED) VALUES (v_game_id, 26, 40, FALSE);
    INSERT INTO BB_PLAYER_TECHS(GAME_ID, PLAYER_ID, TECH_ID, LEARNED) VALUES (v_game_id, 26, 46, TRUE);
    INSERT INTO BB_PLAYER_TECHS(GAME_ID, PLAYER_ID, TECH_ID, LEARNED) VALUES (v_game_id, 26, 48, FALSE);
    INSERT INTO BB_PLAYERS(PLAYER_ID, GAME_ID, NAME, MODEL, LEVEL, EXP,CURR_TEAM, SALARY, CONTRACT_LENGTH, KEYTECH1, KEYTECH2, KEYTECH3) VALUES(27, v_game_id, 'Graav', 'stormtrooper20.dae', 1, 0, v_opp4, 470, 10, 3, 4, 5);
	INSERT INTO BB_PLAYER_TECHS(GAME_ID, PLAYER_ID, TECH_ID, LEARNED) VALUES (v_game_id, 27, 17, TRUE);
    INSERT INTO BB_PLAYER_TECHS(GAME_ID, PLAYER_ID, TECH_ID, LEARNED) VALUES (v_game_id, 27, 14, FALSE);
    INSERT INTO BB_PLAYER_TECHS(GAME_ID, PLAYER_ID, TECH_ID, LEARNED) VALUES (v_game_id, 27, 20, FALSE);
    INSERT INTO BB_PLAYER_TECHS(GAME_ID, PLAYER_ID, TECH_ID, LEARNED) VALUES (v_game_id, 27, 23, FALSE);
    INSERT INTO BB_PLAYER_TECHS(GAME_ID, PLAYER_ID, TECH_ID, LEARNED) VALUES (v_game_id, 27, 26, FALSE);
    INSERT INTO BB_PLAYER_TECHS(GAME_ID, PLAYER_ID, TECH_ID, LEARNED) VALUES (v_game_id, 27, 32, TRUE);
    INSERT INTO BB_PLAYER_TECHS(GAME_ID, PLAYER_ID, TECH_ID, LEARNED) VALUES (v_game_id, 27, 44, FALSE);
    INSERT INTO BB_PLAYER_TECHS(GAME_ID, PLAYER_ID, TECH_ID, LEARNED) VALUES (v_game_id, 27, 8, FALSE);
    INSERT INTO BB_PLAYERS(PLAYER_ID, GAME_ID, NAME, MODEL, LEVEL, EXP,CURR_TEAM, SALARY, CONTRACT_LENGTH, KEYTECH1, KEYTECH2, KEYTECH3) VALUES(28, v_game_id, 'Balgerda', 'stormtrooper20.dae', 1, 0, v_opp4, 470, 19, 3, 4, 5);
    INSERT INTO BB_PLAYER_TECHS(GAME_ID, PLAYER_ID, TECH_ID, LEARNED) VALUES (v_game_id, 28, 14, TRUE);
    INSERT INTO BB_PLAYER_TECHS(GAME_ID, PLAYER_ID, TECH_ID, LEARNED) VALUES (v_game_id, 28, 20, FALSE);
    INSERT INTO BB_PLAYER_TECHS(GAME_ID, PLAYER_ID, TECH_ID, LEARNED) VALUES (v_game_id, 28, 26, TRUE);
    INSERT INTO BB_PLAYER_TECHS(GAME_ID, PLAYER_ID, TECH_ID, LEARNED) VALUES (v_game_id, 28, 29, FALSE);
    INSERT INTO BB_PLAYER_TECHS(GAME_ID, PLAYER_ID, TECH_ID, LEARNED) VALUES (v_game_id, 28, 32, FALSE);
    INSERT INTO BB_PLAYER_TECHS(GAME_ID, PLAYER_ID, TECH_ID, LEARNED) VALUES (v_game_id, 28, 35, FALSE);
    INSERT INTO BB_PLAYER_TECHS(GAME_ID, PLAYER_ID, TECH_ID, LEARNED) VALUES (v_game_id, 28, 40, FALSE);
    INSERT INTO BB_PLAYER_TECHS(GAME_ID, PLAYER_ID, TECH_ID, LEARNED) VALUES (v_game_id, 28, 42, FALSE);
    INSERT INTO BB_PLAYERS(PLAYER_ID, GAME_ID, NAME, MODEL, LEVEL, EXP,CURR_TEAM, SALARY, CONTRACT_LENGTH, KEYTECH1, KEYTECH2, KEYTECH3) VALUES(29, v_game_id, 'Doram', 'stormtrooper20.dae', 1, 0, v_opp4, 470, 18, 3, 4, 5);
    INSERT INTO BB_PLAYER_TECHS(GAME_ID, PLAYER_ID, TECH_ID, LEARNED) VALUES (v_game_id, 29, 14, FALSE);
    INSERT INTO BB_PLAYER_TECHS(GAME_ID, PLAYER_ID, TECH_ID, LEARNED) VALUES (v_game_id, 29, 20, TRUE);
    INSERT INTO BB_PLAYER_TECHS(GAME_ID, PLAYER_ID, TECH_ID, LEARNED) VALUES (v_game_id, 29, 26, TRUE);
    INSERT INTO BB_PLAYER_TECHS(GAME_ID, PLAYER_ID, TECH_ID, LEARNED) VALUES (v_game_id, 29, 29, FALSE);
    INSERT INTO BB_PLAYER_TECHS(GAME_ID, PLAYER_ID, TECH_ID, LEARNED) VALUES (v_game_id, 29, 32, FALSE);
    INSERT INTO BB_PLAYER_TECHS(GAME_ID, PLAYER_ID, TECH_ID, LEARNED) VALUES (v_game_id, 29, 35, TRUE);
    INSERT INTO BB_PLAYER_TECHS(GAME_ID, PLAYER_ID, TECH_ID, LEARNED) VALUES (v_game_id, 29, 40, FALSE);
    INSERT INTO BB_PLAYER_TECHS(GAME_ID, PLAYER_ID, TECH_ID, LEARNED) VALUES (v_game_id, 29, 44, FALSE);
    INSERT INTO BB_PLAYERS(PLAYER_ID, GAME_ID, NAME, MODEL, LEVEL, EXP,CURR_TEAM, SALARY, CONTRACT_LENGTH, KEYTECH1, KEYTECH2, KEYTECH3) VALUES(30, v_game_id, 'Raudy', 'stormtrooper20.dae', 1, 0, v_opp4, 470, 22, 3, 4, 5);
    INSERT INTO BB_PLAYER_TECHS(GAME_ID, PLAYER_ID, TECH_ID, LEARNED) VALUES (v_game_id, 30, 17, FALSE);
    INSERT INTO BB_PLAYER_TECHS(GAME_ID, PLAYER_ID, TECH_ID, LEARNED) VALUES (v_game_id, 30, 11, TRUE);
    INSERT INTO BB_PLAYER_TECHS(GAME_ID, PLAYER_ID, TECH_ID, LEARNED) VALUES (v_game_id, 30, 23, FALSE);
    INSERT INTO BB_PLAYER_TECHS(GAME_ID, PLAYER_ID, TECH_ID, LEARNED) VALUES (v_game_id, 30, 26, FALSE);
    INSERT INTO BB_PLAYER_TECHS(GAME_ID, PLAYER_ID, TECH_ID, LEARNED) VALUES (v_game_id, 30, 40, FALSE);
    INSERT INTO BB_PLAYER_TECHS(GAME_ID, PLAYER_ID, TECH_ID, LEARNED) VALUES (v_game_id, 30, 49, FALSE);
    
    INSERT INTO BB_TEAM(GAME_ID, TEAM_NAME, LWING, RWING, MID, LBACK, RBACK, KEEPER) VALUES(v_game_id, 'Bikanel Lunatics', 31, 32, 33, 34, 35, 36);
	SELECT LAST_INSERT_ID() INTO v_opp5;
    INSERT INTO BB_PLAYERS(PLAYER_ID, GAME_ID, NAME, MODEL, LEVEL, EXP,CURR_TEAM, SALARY, CONTRACT_LENGTH, KEYTECH1, KEYTECH2, KEYTECH3) VALUES(31, v_game_id, 'Bickson', 'stormtrooper20.dae', 1, 0, v_opp5, 470, 10, 3, 4, 5);
    INSERT INTO BB_PLAYER_TECHS(GAME_ID, PLAYER_ID, TECH_ID, LEARNED) VALUES (v_game_id, 31, 3, TRUE);
    INSERT INTO BB_PLAYER_TECHS(GAME_ID, PLAYER_ID, TECH_ID, LEARNED) VALUES (v_game_id, 31, 5, FALSE);
    INSERT INTO BB_PLAYER_TECHS(GAME_ID, PLAYER_ID, TECH_ID, LEARNED) VALUES (v_game_id, 31, 8, FALSE);
    INSERT INTO BB_PLAYER_TECHS(GAME_ID, PLAYER_ID, TECH_ID, LEARNED) VALUES (v_game_id, 31, 11, FALSE);
    INSERT INTO BB_PLAYER_TECHS(GAME_ID, PLAYER_ID, TECH_ID, LEARNED) VALUES (v_game_id, 31, 14, FALSE);
    INSERT INTO BB_PLAYER_TECHS(GAME_ID, PLAYER_ID, TECH_ID, LEARNED) VALUES (v_game_id, 31, 35, FALSE);
    INSERT INTO BB_PLAYER_TECHS(GAME_ID, PLAYER_ID, TECH_ID, LEARNED) VALUES (v_game_id, 31, 40, FALSE);
    INSERT INTO BB_PLAYER_TECHS(GAME_ID, PLAYER_ID, TECH_ID, LEARNED) VALUES (v_game_id, 31, 44, FALSE);
    INSERT INTO BB_PLAYERS(PLAYER_ID, GAME_ID, NAME, MODEL, LEVEL, EXP,CURR_TEAM, SALARY, CONTRACT_LENGTH, KEYTECH1, KEYTECH2, KEYTECH3) VALUES(32, v_game_id, 'Abus', 'stormtrooper20.dae', 1, 0, v_opp5, 470, 17, 3, 4, 5);
    INSERT INTO BB_PLAYER_TECHS(GAME_ID, PLAYER_ID, TECH_ID, LEARNED) VALUES (v_game_id, 32, 5, TRUE);
    INSERT INTO BB_PLAYER_TECHS(GAME_ID, PLAYER_ID, TECH_ID, LEARNED) VALUES (v_game_id, 32, 23, TRUE);
    INSERT INTO BB_PLAYER_TECHS(GAME_ID, PLAYER_ID, TECH_ID, LEARNED) VALUES (v_game_id, 32, 17, FALSE);
    INSERT INTO BB_PLAYER_TECHS(GAME_ID, PLAYER_ID, TECH_ID, LEARNED) VALUES (v_game_id, 32, 20, FALSE);
    INSERT INTO BB_PLAYER_TECHS(GAME_ID, PLAYER_ID, TECH_ID, LEARNED) VALUES (v_game_id, 32, 40, FALSE);
    INSERT INTO BB_PLAYER_TECHS(GAME_ID, PLAYER_ID, TECH_ID, LEARNED) VALUES (v_game_id, 32, 46, TRUE);
    INSERT INTO BB_PLAYER_TECHS(GAME_ID, PLAYER_ID, TECH_ID, LEARNED) VALUES (v_game_id, 32, 48, FALSE);
    INSERT INTO BB_PLAYERS(PLAYER_ID, GAME_ID, NAME, MODEL, LEVEL, EXP,CURR_TEAM, SALARY, CONTRACT_LENGTH, KEYTECH1, KEYTECH2, KEYTECH3) VALUES(33, v_game_id, 'Graav', 'stormtrooper20.dae', 1, 0, v_opp5, 470, 10, 3, 4, 5);
	INSERT INTO BB_PLAYER_TECHS(GAME_ID, PLAYER_ID, TECH_ID, LEARNED) VALUES (v_game_id, 33, 17, TRUE);
    INSERT INTO BB_PLAYER_TECHS(GAME_ID, PLAYER_ID, TECH_ID, LEARNED) VALUES (v_game_id, 33, 14, FALSE);
    INSERT INTO BB_PLAYER_TECHS(GAME_ID, PLAYER_ID, TECH_ID, LEARNED) VALUES (v_game_id, 33, 20, FALSE);
    INSERT INTO BB_PLAYER_TECHS(GAME_ID, PLAYER_ID, TECH_ID, LEARNED) VALUES (v_game_id, 33, 23, FALSE);
    INSERT INTO BB_PLAYER_TECHS(GAME_ID, PLAYER_ID, TECH_ID, LEARNED) VALUES (v_game_id, 33, 26, FALSE);
    INSERT INTO BB_PLAYER_TECHS(GAME_ID, PLAYER_ID, TECH_ID, LEARNED) VALUES (v_game_id, 33, 32, TRUE);
    INSERT INTO BB_PLAYER_TECHS(GAME_ID, PLAYER_ID, TECH_ID, LEARNED) VALUES (v_game_id, 33, 44, FALSE);
    INSERT INTO BB_PLAYER_TECHS(GAME_ID, PLAYER_ID, TECH_ID, LEARNED) VALUES (v_game_id, 33, 8, FALSE);
    INSERT INTO BB_PLAYERS(PLAYER_ID, GAME_ID, NAME, MODEL, LEVEL, EXP,CURR_TEAM, SALARY, CONTRACT_LENGTH, KEYTECH1, KEYTECH2, KEYTECH3) VALUES(34, v_game_id, 'Balgerda', 'stormtrooper20.dae', 1, 0, v_opp5, 470, 19, 3, 4, 5);
    INSERT INTO BB_PLAYER_TECHS(GAME_ID, PLAYER_ID, TECH_ID, LEARNED) VALUES (v_game_id, 34, 14, TRUE);
    INSERT INTO BB_PLAYER_TECHS(GAME_ID, PLAYER_ID, TECH_ID, LEARNED) VALUES (v_game_id, 34, 20, FALSE);
    INSERT INTO BB_PLAYER_TECHS(GAME_ID, PLAYER_ID, TECH_ID, LEARNED) VALUES (v_game_id, 34, 26, TRUE);
    INSERT INTO BB_PLAYER_TECHS(GAME_ID, PLAYER_ID, TECH_ID, LEARNED) VALUES (v_game_id, 34, 29, FALSE);
    INSERT INTO BB_PLAYER_TECHS(GAME_ID, PLAYER_ID, TECH_ID, LEARNED) VALUES (v_game_id, 34, 32, FALSE);
    INSERT INTO BB_PLAYER_TECHS(GAME_ID, PLAYER_ID, TECH_ID, LEARNED) VALUES (v_game_id, 34, 35, FALSE);
    INSERT INTO BB_PLAYER_TECHS(GAME_ID, PLAYER_ID, TECH_ID, LEARNED) VALUES (v_game_id, 34, 40, FALSE);
    INSERT INTO BB_PLAYER_TECHS(GAME_ID, PLAYER_ID, TECH_ID, LEARNED) VALUES (v_game_id, 34, 42, FALSE);
    INSERT INTO BB_PLAYERS(PLAYER_ID, GAME_ID, NAME, MODEL, LEVEL, EXP, CURR_TEAM, SALARY, CONTRACT_LENGTH, KEYTECH1, KEYTECH2, KEYTECH3) VALUES(35, v_game_id, 'Doram', 'stormtrooper20.dae', 1, 0, v_opp5, 470, 18, 3, 4, 5);
    INSERT INTO BB_PLAYER_TECHS(GAME_ID, PLAYER_ID, TECH_ID, LEARNED) VALUES (v_game_id, 35, 14, FALSE);
    INSERT INTO BB_PLAYER_TECHS(GAME_ID, PLAYER_ID, TECH_ID, LEARNED) VALUES (v_game_id, 35, 20, TRUE);
    INSERT INTO BB_PLAYER_TECHS(GAME_ID, PLAYER_ID, TECH_ID, LEARNED) VALUES (v_game_id, 35, 26, TRUE);
    INSERT INTO BB_PLAYER_TECHS(GAME_ID, PLAYER_ID, TECH_ID, LEARNED) VALUES (v_game_id, 35, 29, FALSE);
    INSERT INTO BB_PLAYER_TECHS(GAME_ID, PLAYER_ID, TECH_ID, LEARNED) VALUES (v_game_id, 35, 32, FALSE);
    INSERT INTO BB_PLAYER_TECHS(GAME_ID, PLAYER_ID, TECH_ID, LEARNED) VALUES (v_game_id, 35, 35, TRUE);
    INSERT INTO BB_PLAYER_TECHS(GAME_ID, PLAYER_ID, TECH_ID, LEARNED) VALUES (v_game_id, 35, 40, FALSE);
    INSERT INTO BB_PLAYER_TECHS(GAME_ID, PLAYER_ID, TECH_ID, LEARNED) VALUES (v_game_id, 35, 44, FALSE);
    INSERT INTO BB_PLAYERS(PLAYER_ID, GAME_ID, NAME, MODEL, LEVEL, EXP, CURR_TEAM, SALARY, CONTRACT_LENGTH, KEYTECH1, KEYTECH2, KEYTECH3) VALUES(36, v_game_id, 'Raudy', 'stormtrooper20.dae', 1, 0, v_opp5, 470, 22, 3, 4, 5);
    INSERT INTO BB_PLAYER_TECHS(GAME_ID, PLAYER_ID, TECH_ID, LEARNED) VALUES (v_game_id, 36, 17, FALSE);
    INSERT INTO BB_PLAYER_TECHS(GAME_ID, PLAYER_ID, TECH_ID, LEARNED) VALUES (v_game_id, 36, 11, TRUE);
    INSERT INTO BB_PLAYER_TECHS(GAME_ID, PLAYER_ID, TECH_ID, LEARNED) VALUES (v_game_id, 36, 23, FALSE);
    INSERT INTO BB_PLAYER_TECHS(GAME_ID, PLAYER_ID, TECH_ID, LEARNED) VALUES (v_game_id, 36, 26, FALSE);
    INSERT INTO BB_PLAYER_TECHS(GAME_ID, PLAYER_ID, TECH_ID, LEARNED) VALUES (v_game_id, 36, 40, FALSE);
    INSERT INTO BB_PLAYER_TECHS(GAME_ID, PLAYER_ID, TECH_ID, LEARNED) VALUES (v_game_id, 36, 49, FALSE);
    
    INSERT INTO BB_TEAM(GAME_ID, TEAM_NAME, LWING, RWING, MID, LBACK, RBACK, KEEPER) VALUES(v_game_id, 'Besaid Bisons', 37, 38, 39, 40, 41, 42);
	SELECT LAST_INSERT_ID() INTO v_opp6;
    INSERT INTO BB_PLAYERS(PLAYER_ID, GAME_ID, NAME, MODEL, LEVEL, EXP, CURR_TEAM, SALARY, CONTRACT_LENGTH, KEYTECH1, KEYTECH2, KEYTECH3) VALUES(37, v_game_id, 'Bickson', 'stormtrooper20.dae', 1, 0, v_opp6, 470, 10, 3, 4, 5);
    INSERT INTO BB_PLAYER_TECHS(GAME_ID, PLAYER_ID, TECH_ID, LEARNED) VALUES (v_game_id, 37, 3, TRUE);
    INSERT INTO BB_PLAYER_TECHS(GAME_ID, PLAYER_ID, TECH_ID, LEARNED) VALUES (v_game_id, 37, 5, FALSE);
    INSERT INTO BB_PLAYER_TECHS(GAME_ID, PLAYER_ID, TECH_ID, LEARNED) VALUES (v_game_id, 37, 8, FALSE);
    INSERT INTO BB_PLAYER_TECHS(GAME_ID, PLAYER_ID, TECH_ID, LEARNED) VALUES (v_game_id, 37, 11, FALSE);
    INSERT INTO BB_PLAYER_TECHS(GAME_ID, PLAYER_ID, TECH_ID, LEARNED) VALUES (v_game_id, 37, 14, FALSE);
    INSERT INTO BB_PLAYER_TECHS(GAME_ID, PLAYER_ID, TECH_ID, LEARNED) VALUES (v_game_id, 37, 35, FALSE);
    INSERT INTO BB_PLAYER_TECHS(GAME_ID, PLAYER_ID, TECH_ID, LEARNED) VALUES (v_game_id, 37, 40, FALSE);
    INSERT INTO BB_PLAYER_TECHS(GAME_ID, PLAYER_ID, TECH_ID, LEARNED) VALUES (v_game_id, 37, 44, FALSE);
    INSERT INTO BB_PLAYERS(PLAYER_ID, GAME_ID, NAME, MODEL, LEVEL, EXP, CURR_TEAM, SALARY, CONTRACT_LENGTH, KEYTECH1, KEYTECH2, KEYTECH3) VALUES(38, v_game_id, 'Abus', 'stormtrooper20.dae', 1, 0, v_opp6, 470, 17, 3, 4, 5);
    INSERT INTO BB_PLAYER_TECHS(GAME_ID, PLAYER_ID, TECH_ID, LEARNED) VALUES (v_game_id, 38, 5, TRUE);
    INSERT INTO BB_PLAYER_TECHS(GAME_ID, PLAYER_ID, TECH_ID, LEARNED) VALUES (v_game_id, 38, 23, TRUE);
    INSERT INTO BB_PLAYER_TECHS(GAME_ID, PLAYER_ID, TECH_ID, LEARNED) VALUES (v_game_id, 38, 17, FALSE);
    INSERT INTO BB_PLAYER_TECHS(GAME_ID, PLAYER_ID, TECH_ID, LEARNED) VALUES (v_game_id, 38, 20, FALSE);
    INSERT INTO BB_PLAYER_TECHS(GAME_ID, PLAYER_ID, TECH_ID, LEARNED) VALUES (v_game_id, 38, 40, FALSE);
    INSERT INTO BB_PLAYER_TECHS(GAME_ID, PLAYER_ID, TECH_ID, LEARNED) VALUES (v_game_id, 38, 46, TRUE);
    INSERT INTO BB_PLAYER_TECHS(GAME_ID, PLAYER_ID, TECH_ID, LEARNED) VALUES (v_game_id, 38, 48, FALSE);
    INSERT INTO BB_PLAYERS(PLAYER_ID, GAME_ID, NAME, MODEL, LEVEL, EXP, CURR_TEAM, SALARY, CONTRACT_LENGTH, KEYTECH1, KEYTECH2, KEYTECH3) VALUES(39, v_game_id, 'Graav', 'stormtrooper20.dae', 1, 0, v_opp6, 470, 10, 3, 4, 5);
	INSERT INTO BB_PLAYER_TECHS(GAME_ID, PLAYER_ID, TECH_ID, LEARNED) VALUES (v_game_id, 39, 17, TRUE);
    INSERT INTO BB_PLAYER_TECHS(GAME_ID, PLAYER_ID, TECH_ID, LEARNED) VALUES (v_game_id, 39, 14, FALSE);
    INSERT INTO BB_PLAYER_TECHS(GAME_ID, PLAYER_ID, TECH_ID, LEARNED) VALUES (v_game_id, 39, 20, FALSE);
    INSERT INTO BB_PLAYER_TECHS(GAME_ID, PLAYER_ID, TECH_ID, LEARNED) VALUES (v_game_id, 39, 23, FALSE);
    INSERT INTO BB_PLAYER_TECHS(GAME_ID, PLAYER_ID, TECH_ID, LEARNED) VALUES (v_game_id, 39, 26, FALSE);
    INSERT INTO BB_PLAYER_TECHS(GAME_ID, PLAYER_ID, TECH_ID, LEARNED) VALUES (v_game_id, 39, 32, TRUE);
    INSERT INTO BB_PLAYER_TECHS(GAME_ID, PLAYER_ID, TECH_ID, LEARNED) VALUES (v_game_id, 39, 44, FALSE);
    INSERT INTO BB_PLAYER_TECHS(GAME_ID, PLAYER_ID, TECH_ID, LEARNED) VALUES (v_game_id, 39, 8, FALSE);
    INSERT INTO BB_PLAYERS(PLAYER_ID, GAME_ID, NAME, MODEL, LEVEL, EXP, CURR_TEAM, SALARY, CONTRACT_LENGTH, KEYTECH1, KEYTECH2, KEYTECH3) VALUES(40, v_game_id, 'Balgerda', 'stormtrooper20.dae', 1, 0, v_opp6, 470, 19, 3, 4, 5);
    INSERT INTO BB_PLAYER_TECHS(GAME_ID, PLAYER_ID, TECH_ID, LEARNED) VALUES (v_game_id, 40, 14, TRUE);
    INSERT INTO BB_PLAYER_TECHS(GAME_ID, PLAYER_ID, TECH_ID, LEARNED) VALUES (v_game_id, 40, 20, FALSE);
    INSERT INTO BB_PLAYER_TECHS(GAME_ID, PLAYER_ID, TECH_ID, LEARNED) VALUES (v_game_id, 40, 26, TRUE);
    INSERT INTO BB_PLAYER_TECHS(GAME_ID, PLAYER_ID, TECH_ID, LEARNED) VALUES (v_game_id, 40, 29, FALSE);
    INSERT INTO BB_PLAYER_TECHS(GAME_ID, PLAYER_ID, TECH_ID, LEARNED) VALUES (v_game_id, 40, 32, FALSE);
    INSERT INTO BB_PLAYER_TECHS(GAME_ID, PLAYER_ID, TECH_ID, LEARNED) VALUES (v_game_id, 40, 35, FALSE);
    INSERT INTO BB_PLAYER_TECHS(GAME_ID, PLAYER_ID, TECH_ID, LEARNED) VALUES (v_game_id, 40, 40, FALSE);
    INSERT INTO BB_PLAYER_TECHS(GAME_ID, PLAYER_ID, TECH_ID, LEARNED) VALUES (v_game_id, 40, 42, FALSE);
    INSERT INTO BB_PLAYERS(PLAYER_ID, GAME_ID, NAME, MODEL, LEVEL, EXP, CURR_TEAM, SALARY, CONTRACT_LENGTH, KEYTECH1, KEYTECH2, KEYTECH3) VALUES(41, v_game_id, 'Doram', 'stormtrooper20.dae', 1, 0, v_opp6, 470, 18, 3, 4, 5);
    INSERT INTO BB_PLAYER_TECHS(GAME_ID, PLAYER_ID, TECH_ID, LEARNED) VALUES (v_game_id, 41, 14, FALSE);
    INSERT INTO BB_PLAYER_TECHS(GAME_ID, PLAYER_ID, TECH_ID, LEARNED) VALUES (v_game_id, 41, 20, TRUE);
    INSERT INTO BB_PLAYER_TECHS(GAME_ID, PLAYER_ID, TECH_ID, LEARNED) VALUES (v_game_id, 41, 26, TRUE);
    INSERT INTO BB_PLAYER_TECHS(GAME_ID, PLAYER_ID, TECH_ID, LEARNED) VALUES (v_game_id, 41, 29, FALSE);
    INSERT INTO BB_PLAYER_TECHS(GAME_ID, PLAYER_ID, TECH_ID, LEARNED) VALUES (v_game_id, 41, 32, FALSE);
    INSERT INTO BB_PLAYER_TECHS(GAME_ID, PLAYER_ID, TECH_ID, LEARNED) VALUES (v_game_id, 41, 35, TRUE);
    INSERT INTO BB_PLAYER_TECHS(GAME_ID, PLAYER_ID, TECH_ID, LEARNED) VALUES (v_game_id, 41, 40, FALSE);
    INSERT INTO BB_PLAYER_TECHS(GAME_ID, PLAYER_ID, TECH_ID, LEARNED) VALUES (v_game_id, 41, 44, FALSE);
    INSERT INTO BB_PLAYERS(PLAYER_ID, GAME_ID, NAME, MODEL, LEVEL, EXP, CURR_TEAM, SALARY, CONTRACT_LENGTH, KEYTECH1, KEYTECH2, KEYTECH3) VALUES(42, v_game_id, 'Raudy', 'stormtrooper20.dae', 1, 0, v_opp6, 470, 22, 3, 4, 5);
    INSERT INTO BB_PLAYER_TECHS(GAME_ID, PLAYER_ID, TECH_ID, LEARNED) VALUES (v_game_id, 42, 17, FALSE);
    INSERT INTO BB_PLAYER_TECHS(GAME_ID, PLAYER_ID, TECH_ID, LEARNED) VALUES (v_game_id, 42, 11, TRUE);
    INSERT INTO BB_PLAYER_TECHS(GAME_ID, PLAYER_ID, TECH_ID, LEARNED) VALUES (v_game_id, 42, 23, FALSE);
    INSERT INTO BB_PLAYER_TECHS(GAME_ID, PLAYER_ID, TECH_ID, LEARNED) VALUES (v_game_id, 42, 26, FALSE);
    INSERT INTO BB_PLAYER_TECHS(GAME_ID, PLAYER_ID, TECH_ID, LEARNED) VALUES (v_game_id, 42, 40, FALSE);
    INSERT INTO BB_PLAYER_TECHS(GAME_ID, PLAYER_ID, TECH_ID, LEARNED) VALUES (v_game_id, 42, 49, FALSE);
    
    INSERT INTO BB_TEAM(GAME_ID, TEAM_NAME, LWING, RWING, MID, LBACK, RBACK, KEEPER) VALUES(v_game_id, 'Zanarkand Apes', 43, 44, 45, 46, 47, 48);
	SELECT LAST_INSERT_ID() INTO v_opp7;
    INSERT INTO BB_PLAYERS(PLAYER_ID, GAME_ID, NAME, MODEL, LEVEL, EXP, CURR_TEAM, SALARY, CONTRACT_LENGTH, KEYTECH1, KEYTECH2, KEYTECH3) VALUES(43, v_game_id, 'Bickson', 'stormtrooper20.dae', 1, 0, v_opp7, 470, 10, 3, 4, 5);
    INSERT INTO BB_PLAYER_TECHS(GAME_ID, PLAYER_ID, TECH_ID, LEARNED) VALUES (v_game_id, 43, 3, TRUE);
    INSERT INTO BB_PLAYER_TECHS(GAME_ID, PLAYER_ID, TECH_ID, LEARNED) VALUES (v_game_id, 43, 5, FALSE);
    INSERT INTO BB_PLAYER_TECHS(GAME_ID, PLAYER_ID, TECH_ID, LEARNED) VALUES (v_game_id, 43, 8, FALSE);
    INSERT INTO BB_PLAYER_TECHS(GAME_ID, PLAYER_ID, TECH_ID, LEARNED) VALUES (v_game_id, 43, 11, FALSE);
    INSERT INTO BB_PLAYER_TECHS(GAME_ID, PLAYER_ID, TECH_ID, LEARNED) VALUES (v_game_id, 43, 14, FALSE);
    INSERT INTO BB_PLAYER_TECHS(GAME_ID, PLAYER_ID, TECH_ID, LEARNED) VALUES (v_game_id, 43, 35, FALSE);
    INSERT INTO BB_PLAYER_TECHS(GAME_ID, PLAYER_ID, TECH_ID, LEARNED) VALUES (v_game_id, 43, 40, FALSE);
    INSERT INTO BB_PLAYER_TECHS(GAME_ID, PLAYER_ID, TECH_ID, LEARNED) VALUES (v_game_id, 43, 44, FALSE);
    INSERT INTO BB_PLAYERS(PLAYER_ID, GAME_ID, NAME, MODEL, LEVEL, EXP, CURR_TEAM, SALARY, CONTRACT_LENGTH, KEYTECH1, KEYTECH2, KEYTECH3) VALUES(44, v_game_id, 'Abus', 'stormtrooper20.dae', 1, 0, v_opp7, 470, 17, 3, 4, 5);
    INSERT INTO BB_PLAYER_TECHS(GAME_ID, PLAYER_ID, TECH_ID, LEARNED) VALUES (v_game_id, 44, 5, TRUE);
    INSERT INTO BB_PLAYER_TECHS(GAME_ID, PLAYER_ID, TECH_ID, LEARNED) VALUES (v_game_id, 44, 23, TRUE);
    INSERT INTO BB_PLAYER_TECHS(GAME_ID, PLAYER_ID, TECH_ID, LEARNED) VALUES (v_game_id, 44, 17, FALSE);
    INSERT INTO BB_PLAYER_TECHS(GAME_ID, PLAYER_ID, TECH_ID, LEARNED) VALUES (v_game_id, 44, 20, FALSE);
    INSERT INTO BB_PLAYER_TECHS(GAME_ID, PLAYER_ID, TECH_ID, LEARNED) VALUES (v_game_id, 44, 40, FALSE);
    INSERT INTO BB_PLAYER_TECHS(GAME_ID, PLAYER_ID, TECH_ID, LEARNED) VALUES (v_game_id, 44, 46, TRUE);
    INSERT INTO BB_PLAYER_TECHS(GAME_ID, PLAYER_ID, TECH_ID, LEARNED) VALUES (v_game_id, 44, 48, FALSE);
    INSERT INTO BB_PLAYERS(PLAYER_ID, GAME_ID, NAME, MODEL, LEVEL, EXP, CURR_TEAM, SALARY, CONTRACT_LENGTH, KEYTECH1, KEYTECH2, KEYTECH3) VALUES(45, v_game_id, 'Graav', 'stormtrooper20.dae', 1, 0, v_opp7, 470, 10, 3, 4, 5);
	INSERT INTO BB_PLAYER_TECHS(GAME_ID, PLAYER_ID, TECH_ID, LEARNED) VALUES (v_game_id, 45, 17, TRUE);
    INSERT INTO BB_PLAYER_TECHS(GAME_ID, PLAYER_ID, TECH_ID, LEARNED) VALUES (v_game_id, 45, 14, FALSE);
    INSERT INTO BB_PLAYER_TECHS(GAME_ID, PLAYER_ID, TECH_ID, LEARNED) VALUES (v_game_id, 45, 20, FALSE);
    INSERT INTO BB_PLAYER_TECHS(GAME_ID, PLAYER_ID, TECH_ID, LEARNED) VALUES (v_game_id, 45, 23, FALSE);
    INSERT INTO BB_PLAYER_TECHS(GAME_ID, PLAYER_ID, TECH_ID, LEARNED) VALUES (v_game_id, 45, 26, FALSE);
    INSERT INTO BB_PLAYER_TECHS(GAME_ID, PLAYER_ID, TECH_ID, LEARNED) VALUES (v_game_id, 45, 32, TRUE);
    INSERT INTO BB_PLAYER_TECHS(GAME_ID, PLAYER_ID, TECH_ID, LEARNED) VALUES (v_game_id, 45, 44, FALSE);
    INSERT INTO BB_PLAYER_TECHS(GAME_ID, PLAYER_ID, TECH_ID, LEARNED) VALUES (v_game_id, 45, 8, FALSE);
    INSERT INTO BB_PLAYERS(PLAYER_ID, GAME_ID, NAME, MODEL, LEVEL, EXP, CURR_TEAM, SALARY, CONTRACT_LENGTH, KEYTECH1, KEYTECH2, KEYTECH3) VALUES(46, v_game_id, 'Balgerda', 'stormtrooper20.dae', 1, 0, v_opp7, 470, 19, 3, 4, 5);
    INSERT INTO BB_PLAYER_TECHS(GAME_ID, PLAYER_ID, TECH_ID, LEARNED) VALUES (v_game_id, 46, 14, TRUE);
    INSERT INTO BB_PLAYER_TECHS(GAME_ID, PLAYER_ID, TECH_ID, LEARNED) VALUES (v_game_id, 46, 20, FALSE);
    INSERT INTO BB_PLAYER_TECHS(GAME_ID, PLAYER_ID, TECH_ID, LEARNED) VALUES (v_game_id, 46, 26, TRUE);
    INSERT INTO BB_PLAYER_TECHS(GAME_ID, PLAYER_ID, TECH_ID, LEARNED) VALUES (v_game_id, 46, 29, FALSE);
    INSERT INTO BB_PLAYER_TECHS(GAME_ID, PLAYER_ID, TECH_ID, LEARNED) VALUES (v_game_id, 46, 32, FALSE);
    INSERT INTO BB_PLAYER_TECHS(GAME_ID, PLAYER_ID, TECH_ID, LEARNED) VALUES (v_game_id, 46, 35, FALSE);
    INSERT INTO BB_PLAYER_TECHS(GAME_ID, PLAYER_ID, TECH_ID, LEARNED) VALUES (v_game_id, 46, 40, FALSE);
    INSERT INTO BB_PLAYER_TECHS(GAME_ID, PLAYER_ID, TECH_ID, LEARNED) VALUES (v_game_id, 46, 42, FALSE);
    INSERT INTO BB_PLAYERS(PLAYER_ID, GAME_ID, NAME, MODEL, LEVEL, EXP, CURR_TEAM, SALARY, CONTRACT_LENGTH, KEYTECH1, KEYTECH2, KEYTECH3) VALUES(47, v_game_id, 'Doram', 'stormtrooper20.dae', 1, 0, v_opp7, 470, 18, 3, 4, 5);
    INSERT INTO BB_PLAYER_TECHS(GAME_ID, PLAYER_ID, TECH_ID, LEARNED) VALUES (v_game_id, 47, 14, FALSE);
    INSERT INTO BB_PLAYER_TECHS(GAME_ID, PLAYER_ID, TECH_ID, LEARNED) VALUES (v_game_id, 47, 20, TRUE);
    INSERT INTO BB_PLAYER_TECHS(GAME_ID, PLAYER_ID, TECH_ID, LEARNED) VALUES (v_game_id, 47, 26, TRUE);
    INSERT INTO BB_PLAYER_TECHS(GAME_ID, PLAYER_ID, TECH_ID, LEARNED) VALUES (v_game_id, 47, 29, FALSE);
    INSERT INTO BB_PLAYER_TECHS(GAME_ID, PLAYER_ID, TECH_ID, LEARNED) VALUES (v_game_id, 47, 32, FALSE);
    INSERT INTO BB_PLAYER_TECHS(GAME_ID, PLAYER_ID, TECH_ID, LEARNED) VALUES (v_game_id, 47, 35, TRUE);
    INSERT INTO BB_PLAYER_TECHS(GAME_ID, PLAYER_ID, TECH_ID, LEARNED) VALUES (v_game_id, 47, 40, FALSE);
    INSERT INTO BB_PLAYER_TECHS(GAME_ID, PLAYER_ID, TECH_ID, LEARNED) VALUES (v_game_id, 47, 44, FALSE);
    INSERT INTO BB_PLAYERS(PLAYER_ID, GAME_ID, NAME, MODEL, LEVEL, EXP, CURR_TEAM, SALARY, CONTRACT_LENGTH, KEYTECH1, KEYTECH2, KEYTECH3) VALUES(48, v_game_id, 'Raudy', 'stormtrooper20.dae', 1, 0, v_opp7, 470, 22, 3, 4, 5);
    INSERT INTO BB_PLAYER_TECHS(GAME_ID, PLAYER_ID, TECH_ID, LEARNED) VALUES (v_game_id, 48, 17, FALSE);
    INSERT INTO BB_PLAYER_TECHS(GAME_ID, PLAYER_ID, TECH_ID, LEARNED) VALUES (v_game_id, 48, 11, TRUE);
    INSERT INTO BB_PLAYER_TECHS(GAME_ID, PLAYER_ID, TECH_ID, LEARNED) VALUES (v_game_id, 48, 23, FALSE);
    INSERT INTO BB_PLAYER_TECHS(GAME_ID, PLAYER_ID, TECH_ID, LEARNED) VALUES (v_game_id, 48, 26, FALSE);
    INSERT INTO BB_PLAYER_TECHS(GAME_ID, PLAYER_ID, TECH_ID, LEARNED) VALUES (v_game_id, 48, 40, FALSE);
    INSERT INTO BB_PLAYER_TECHS(GAME_ID, PLAYER_ID, TECH_ID, LEARNED) VALUES (v_game_id, 48, 49, FALSE);
    
    
    INSERT INTO BB_PLAYERS(PLAYER_ID, GAME_ID, NAME, MODEL, LEVEL, EXP, CURR_TEAM, SALARY, CONTRACT_LENGTH, KEYTECH1, KEYTECH2, KEYTECH3) VALUES(49, v_game_id, 'Bickson', 'stormtrooper20.dae', 1, 0, 0, 500, 0, 3, 4, 5);
    INSERT INTO BB_PLAYER_TECHS(GAME_ID, PLAYER_ID, TECH_ID, LEARNED) VALUES (v_game_id, 49, 3, TRUE);
    INSERT INTO BB_PLAYER_TECHS(GAME_ID, PLAYER_ID, TECH_ID, LEARNED) VALUES (v_game_id, 49, 5, FALSE);
    INSERT INTO BB_PLAYER_TECHS(GAME_ID, PLAYER_ID, TECH_ID, LEARNED) VALUES (v_game_id, 49, 8, FALSE);
    INSERT INTO BB_PLAYER_TECHS(GAME_ID, PLAYER_ID, TECH_ID, LEARNED) VALUES (v_game_id, 49, 11, FALSE);
    INSERT INTO BB_PLAYER_TECHS(GAME_ID, PLAYER_ID, TECH_ID, LEARNED) VALUES (v_game_id, 49, 14, FALSE);
    INSERT INTO BB_PLAYER_TECHS(GAME_ID, PLAYER_ID, TECH_ID, LEARNED) VALUES (v_game_id, 49, 35, FALSE);
    INSERT INTO BB_PLAYER_TECHS(GAME_ID, PLAYER_ID, TECH_ID, LEARNED) VALUES (v_game_id, 49, 40, FALSE);
    INSERT INTO BB_PLAYER_TECHS(GAME_ID, PLAYER_ID, TECH_ID, LEARNED) VALUES (v_game_id, 49, 44, FALSE);
    INSERT INTO BB_PLAYERS(PLAYER_ID, GAME_ID, NAME, MODEL, LEVEL, EXP, CURR_TEAM, SALARY, CONTRACT_LENGTH, KEYTECH1, KEYTECH2, KEYTECH3) VALUES(50, v_game_id, 'Abus', 'stormtrooper20.dae', 1, 0, 0, 500, 0, 3, 4, 5);
    INSERT INTO BB_PLAYER_TECHS(GAME_ID, PLAYER_ID, TECH_ID, LEARNED) VALUES (v_game_id, 50, 5, TRUE);
    INSERT INTO BB_PLAYER_TECHS(GAME_ID, PLAYER_ID, TECH_ID, LEARNED) VALUES (v_game_id, 50, 23, TRUE);
    INSERT INTO BB_PLAYER_TECHS(GAME_ID, PLAYER_ID, TECH_ID, LEARNED) VALUES (v_game_id, 50, 17, FALSE);
    INSERT INTO BB_PLAYER_TECHS(GAME_ID, PLAYER_ID, TECH_ID, LEARNED) VALUES (v_game_id, 50, 20, FALSE);
    INSERT INTO BB_PLAYER_TECHS(GAME_ID, PLAYER_ID, TECH_ID, LEARNED) VALUES (v_game_id, 50, 40, FALSE);
    INSERT INTO BB_PLAYER_TECHS(GAME_ID, PLAYER_ID, TECH_ID, LEARNED) VALUES (v_game_id, 50, 46, TRUE);
    INSERT INTO BB_PLAYER_TECHS(GAME_ID, PLAYER_ID, TECH_ID, LEARNED) VALUES (v_game_id, 50, 48, FALSE);
    INSERT INTO BB_PLAYERS(PLAYER_ID, GAME_ID, NAME, MODEL, LEVEL, EXP, CURR_TEAM, SALARY, CONTRACT_LENGTH, KEYTECH1, KEYTECH2, KEYTECH3) VALUES(51, v_game_id, 'Graav', 'stormtrooper20.dae', 1, 0, 0, 500, 0, 3, 4, 5);
	INSERT INTO BB_PLAYER_TECHS(GAME_ID, PLAYER_ID, TECH_ID, LEARNED) VALUES (v_game_id, 51, 17, TRUE);
    INSERT INTO BB_PLAYER_TECHS(GAME_ID, PLAYER_ID, TECH_ID, LEARNED) VALUES (v_game_id, 51, 14, FALSE);
    INSERT INTO BB_PLAYER_TECHS(GAME_ID, PLAYER_ID, TECH_ID, LEARNED) VALUES (v_game_id, 51, 20, FALSE);
    INSERT INTO BB_PLAYER_TECHS(GAME_ID, PLAYER_ID, TECH_ID, LEARNED) VALUES (v_game_id, 51, 23, FALSE);
    INSERT INTO BB_PLAYER_TECHS(GAME_ID, PLAYER_ID, TECH_ID, LEARNED) VALUES (v_game_id, 51, 26, FALSE);
    INSERT INTO BB_PLAYER_TECHS(GAME_ID, PLAYER_ID, TECH_ID, LEARNED) VALUES (v_game_id, 51, 32, TRUE);
    INSERT INTO BB_PLAYER_TECHS(GAME_ID, PLAYER_ID, TECH_ID, LEARNED) VALUES (v_game_id, 51, 44, FALSE);
    INSERT INTO BB_PLAYER_TECHS(GAME_ID, PLAYER_ID, TECH_ID, LEARNED) VALUES (v_game_id, 51, 8, FALSE);
    INSERT INTO BB_PLAYERS(PLAYER_ID, GAME_ID, NAME, MODEL, LEVEL, EXP, CURR_TEAM, SALARY, CONTRACT_LENGTH, KEYTECH1, KEYTECH2, KEYTECH3) VALUES(52, v_game_id, 'Balgerda', 'stormtrooper20.dae', 1, 0, 0, 500, 0, 3, 4, 5);
    INSERT INTO BB_PLAYER_TECHS(GAME_ID, PLAYER_ID, TECH_ID, LEARNED) VALUES (v_game_id, 52, 14, TRUE);
    INSERT INTO BB_PLAYER_TECHS(GAME_ID, PLAYER_ID, TECH_ID, LEARNED) VALUES (v_game_id, 52, 20, FALSE);
    INSERT INTO BB_PLAYER_TECHS(GAME_ID, PLAYER_ID, TECH_ID, LEARNED) VALUES (v_game_id, 52, 26, TRUE);
    INSERT INTO BB_PLAYER_TECHS(GAME_ID, PLAYER_ID, TECH_ID, LEARNED) VALUES (v_game_id, 52, 29, FALSE);
    INSERT INTO BB_PLAYER_TECHS(GAME_ID, PLAYER_ID, TECH_ID, LEARNED) VALUES (v_game_id, 52, 32, FALSE);
    INSERT INTO BB_PLAYER_TECHS(GAME_ID, PLAYER_ID, TECH_ID, LEARNED) VALUES (v_game_id, 52, 35, FALSE);
    INSERT INTO BB_PLAYER_TECHS(GAME_ID, PLAYER_ID, TECH_ID, LEARNED) VALUES (v_game_id, 52, 40, FALSE);
    INSERT INTO BB_PLAYER_TECHS(GAME_ID, PLAYER_ID, TECH_ID, LEARNED) VALUES (v_game_id, 52, 42, FALSE);
    INSERT INTO BB_PLAYERS(PLAYER_ID, GAME_ID, NAME, MODEL, LEVEL, EXP, CURR_TEAM, SALARY, CONTRACT_LENGTH, KEYTECH1, KEYTECH2, KEYTECH3) VALUES(53, v_game_id, 'Doram', 'stormtrooper20.dae', 1, 0, 0, 500, 0, 3, 4, 5);
    INSERT INTO BB_PLAYER_TECHS(GAME_ID, PLAYER_ID, TECH_ID, LEARNED) VALUES (v_game_id, 53, 14, FALSE);
    INSERT INTO BB_PLAYER_TECHS(GAME_ID, PLAYER_ID, TECH_ID, LEARNED) VALUES (v_game_id, 53, 20, TRUE);
    INSERT INTO BB_PLAYER_TECHS(GAME_ID, PLAYER_ID, TECH_ID, LEARNED) VALUES (v_game_id, 53, 26, TRUE);
    INSERT INTO BB_PLAYER_TECHS(GAME_ID, PLAYER_ID, TECH_ID, LEARNED) VALUES (v_game_id, 53, 29, FALSE);
    INSERT INTO BB_PLAYER_TECHS(GAME_ID, PLAYER_ID, TECH_ID, LEARNED) VALUES (v_game_id, 53, 32, FALSE);
    INSERT INTO BB_PLAYER_TECHS(GAME_ID, PLAYER_ID, TECH_ID, LEARNED) VALUES (v_game_id, 53, 35, TRUE);
    INSERT INTO BB_PLAYER_TECHS(GAME_ID, PLAYER_ID, TECH_ID, LEARNED) VALUES (v_game_id, 53, 40, FALSE);
    INSERT INTO BB_PLAYER_TECHS(GAME_ID, PLAYER_ID, TECH_ID, LEARNED) VALUES (v_game_id, 53, 44, FALSE);
    INSERT INTO BB_PLAYERS(PLAYER_ID, GAME_ID, NAME, MODEL, LEVEL, EXP, CURR_TEAM, SALARY, CONTRACT_LENGTH, KEYTECH1, KEYTECH2, KEYTECH3) VALUES(54, v_game_id, 'Raudy', 'stormtrooper20.dae', 1, 0, 0, 500, 0, 3, 4, 5);
    INSERT INTO BB_PLAYER_TECHS(GAME_ID, PLAYER_ID, TECH_ID, LEARNED) VALUES (v_game_id, 54, 17, FALSE);
    INSERT INTO BB_PLAYER_TECHS(GAME_ID, PLAYER_ID, TECH_ID, LEARNED) VALUES (v_game_id, 54, 11, TRUE);
    INSERT INTO BB_PLAYER_TECHS(GAME_ID, PLAYER_ID, TECH_ID, LEARNED) VALUES (v_game_id, 54, 23, FALSE);
    INSERT INTO BB_PLAYER_TECHS(GAME_ID, PLAYER_ID, TECH_ID, LEARNED) VALUES (v_game_id, 54, 26, FALSE);
    INSERT INTO BB_PLAYER_TECHS(GAME_ID, PLAYER_ID, TECH_ID, LEARNED) VALUES (v_game_id, 54, 40, FALSE);
    INSERT INTO BB_PLAYER_TECHS(GAME_ID, PLAYER_ID, TECH_ID, LEARNED) VALUES (v_game_id, 54, 49, FALSE);
    INSERT INTO BB_PLAYERS(PLAYER_ID, GAME_ID, NAME, MODEL, LEVEL, EXP, CURR_TEAM, SALARY, CONTRACT_LENGTH, KEYTECH1, KEYTECH2, KEYTECH3) VALUES(55, v_game_id, 'Bickson', 'stormtrooper20.dae', 1, 0, 0, 500, 0, 3, 4, 5);
    INSERT INTO BB_PLAYER_TECHS(GAME_ID, PLAYER_ID, TECH_ID, LEARNED) VALUES (v_game_id, 55, 3, TRUE);
    INSERT INTO BB_PLAYER_TECHS(GAME_ID, PLAYER_ID, TECH_ID, LEARNED) VALUES (v_game_id, 55, 5, FALSE);
    INSERT INTO BB_PLAYER_TECHS(GAME_ID, PLAYER_ID, TECH_ID, LEARNED) VALUES (v_game_id, 55, 8, FALSE);
    INSERT INTO BB_PLAYER_TECHS(GAME_ID, PLAYER_ID, TECH_ID, LEARNED) VALUES (v_game_id, 55, 11, FALSE);
    INSERT INTO BB_PLAYER_TECHS(GAME_ID, PLAYER_ID, TECH_ID, LEARNED) VALUES (v_game_id, 55, 14, FALSE);
    INSERT INTO BB_PLAYER_TECHS(GAME_ID, PLAYER_ID, TECH_ID, LEARNED) VALUES (v_game_id, 55, 35, FALSE);
    INSERT INTO BB_PLAYER_TECHS(GAME_ID, PLAYER_ID, TECH_ID, LEARNED) VALUES (v_game_id, 55, 40, FALSE);
    INSERT INTO BB_PLAYER_TECHS(GAME_ID, PLAYER_ID, TECH_ID, LEARNED) VALUES (v_game_id, 55, 44, FALSE);
    INSERT INTO BB_PLAYERS(PLAYER_ID, GAME_ID, NAME, MODEL, LEVEL, EXP, CURR_TEAM, SALARY, CONTRACT_LENGTH, KEYTECH1, KEYTECH2, KEYTECH3) VALUES(56, v_game_id, 'Abus', 'stormtrooper20.dae', 1, 0, 0, 500, 0, 3, 4, 5);
    INSERT INTO BB_PLAYER_TECHS(GAME_ID, PLAYER_ID, TECH_ID, LEARNED) VALUES (v_game_id, 56, 5, TRUE);
    INSERT INTO BB_PLAYER_TECHS(GAME_ID, PLAYER_ID, TECH_ID, LEARNED) VALUES (v_game_id, 56, 23, TRUE);
    INSERT INTO BB_PLAYER_TECHS(GAME_ID, PLAYER_ID, TECH_ID, LEARNED) VALUES (v_game_id, 56, 17, FALSE);
    INSERT INTO BB_PLAYER_TECHS(GAME_ID, PLAYER_ID, TECH_ID, LEARNED) VALUES (v_game_id, 56, 20, FALSE);
    INSERT INTO BB_PLAYER_TECHS(GAME_ID, PLAYER_ID, TECH_ID, LEARNED) VALUES (v_game_id, 56, 40, FALSE);
    INSERT INTO BB_PLAYER_TECHS(GAME_ID, PLAYER_ID, TECH_ID, LEARNED) VALUES (v_game_id, 56, 46, TRUE);
    INSERT INTO BB_PLAYER_TECHS(GAME_ID, PLAYER_ID, TECH_ID, LEARNED) VALUES (v_game_id, 56, 48, FALSE);
    INSERT INTO BB_PLAYERS(PLAYER_ID, GAME_ID, NAME, MODEL, LEVEL, EXP, CURR_TEAM, SALARY, CONTRACT_LENGTH, KEYTECH1, KEYTECH2, KEYTECH3) VALUES(57, v_game_id, 'Graav', 'stormtrooper20.dae', 1, 0, 0, 500, 0, 3, 4, 5);
	INSERT INTO BB_PLAYER_TECHS(GAME_ID, PLAYER_ID, TECH_ID, LEARNED) VALUES (v_game_id, 57, 17, TRUE);
    INSERT INTO BB_PLAYER_TECHS(GAME_ID, PLAYER_ID, TECH_ID, LEARNED) VALUES (v_game_id, 57, 14, FALSE);
    INSERT INTO BB_PLAYER_TECHS(GAME_ID, PLAYER_ID, TECH_ID, LEARNED) VALUES (v_game_id, 57, 20, FALSE);
    INSERT INTO BB_PLAYER_TECHS(GAME_ID, PLAYER_ID, TECH_ID, LEARNED) VALUES (v_game_id, 57, 23, FALSE);
    INSERT INTO BB_PLAYER_TECHS(GAME_ID, PLAYER_ID, TECH_ID, LEARNED) VALUES (v_game_id, 57, 26, FALSE);
    INSERT INTO BB_PLAYER_TECHS(GAME_ID, PLAYER_ID, TECH_ID, LEARNED) VALUES (v_game_id, 57, 32, TRUE);
    INSERT INTO BB_PLAYER_TECHS(GAME_ID, PLAYER_ID, TECH_ID, LEARNED) VALUES (v_game_id, 57, 44, FALSE);
    INSERT INTO BB_PLAYER_TECHS(GAME_ID, PLAYER_ID, TECH_ID, LEARNED) VALUES (v_game_id, 57, 8, FALSE);
    INSERT INTO BB_PLAYERS(PLAYER_ID, GAME_ID, NAME, MODEL, LEVEL, EXP, CURR_TEAM, SALARY, CONTRACT_LENGTH, KEYTECH1, KEYTECH2, KEYTECH3) VALUES(58, v_game_id, 'Balgerda', 'stormtrooper20.dae', 1, 0, 0, 500, 0, 3, 4, 5);
    INSERT INTO BB_PLAYER_TECHS(GAME_ID, PLAYER_ID, TECH_ID, LEARNED) VALUES (v_game_id, 58, 14, TRUE);
    INSERT INTO BB_PLAYER_TECHS(GAME_ID, PLAYER_ID, TECH_ID, LEARNED) VALUES (v_game_id, 58, 20, FALSE);
    INSERT INTO BB_PLAYER_TECHS(GAME_ID, PLAYER_ID, TECH_ID, LEARNED) VALUES (v_game_id, 58, 26, TRUE);
    INSERT INTO BB_PLAYER_TECHS(GAME_ID, PLAYER_ID, TECH_ID, LEARNED) VALUES (v_game_id, 58, 29, FALSE);
    INSERT INTO BB_PLAYER_TECHS(GAME_ID, PLAYER_ID, TECH_ID, LEARNED) VALUES (v_game_id, 58, 32, FALSE);
    INSERT INTO BB_PLAYER_TECHS(GAME_ID, PLAYER_ID, TECH_ID, LEARNED) VALUES (v_game_id, 58, 35, FALSE);
    INSERT INTO BB_PLAYER_TECHS(GAME_ID, PLAYER_ID, TECH_ID, LEARNED) VALUES (v_game_id, 58, 40, FALSE);
    INSERT INTO BB_PLAYER_TECHS(GAME_ID, PLAYER_ID, TECH_ID, LEARNED) VALUES (v_game_id, 58, 42, FALSE);
    INSERT INTO BB_PLAYERS(PLAYER_ID, GAME_ID, NAME, MODEL, LEVEL, EXP, CURR_TEAM, SALARY, CONTRACT_LENGTH, KEYTECH1, KEYTECH2, KEYTECH3) VALUES(59, v_game_id, 'Doram', 'stormtrooper20.dae', 1, 0, 0, 500, 0, 3, 4, 5);
    INSERT INTO BB_PLAYER_TECHS(GAME_ID, PLAYER_ID, TECH_ID, LEARNED) VALUES (v_game_id, 59, 14, FALSE);
    INSERT INTO BB_PLAYER_TECHS(GAME_ID, PLAYER_ID, TECH_ID, LEARNED) VALUES (v_game_id, 59, 20, TRUE);
    INSERT INTO BB_PLAYER_TECHS(GAME_ID, PLAYER_ID, TECH_ID, LEARNED) VALUES (v_game_id, 59, 26, TRUE);
    INSERT INTO BB_PLAYER_TECHS(GAME_ID, PLAYER_ID, TECH_ID, LEARNED) VALUES (v_game_id, 59, 29, FALSE);
    INSERT INTO BB_PLAYER_TECHS(GAME_ID, PLAYER_ID, TECH_ID, LEARNED) VALUES (v_game_id, 59, 32, FALSE);
    INSERT INTO BB_PLAYER_TECHS(GAME_ID, PLAYER_ID, TECH_ID, LEARNED) VALUES (v_game_id, 59, 35, TRUE);
    INSERT INTO BB_PLAYER_TECHS(GAME_ID, PLAYER_ID, TECH_ID, LEARNED) VALUES (v_game_id, 59, 40, FALSE);
    INSERT INTO BB_PLAYER_TECHS(GAME_ID, PLAYER_ID, TECH_ID, LEARNED) VALUES (v_game_id, 59, 44, FALSE);
    INSERT INTO BB_PLAYERS(PLAYER_ID, GAME_ID, NAME, MODEL, LEVEL, EXP, CURR_TEAM, SALARY, CONTRACT_LENGTH, KEYTECH1, KEYTECH2, KEYTECH3) VALUES(60, v_game_id, 'Raudy', 'stormtrooper20.dae', 1, 0, 0, 500, 0, 3, 4, 5);
    INSERT INTO BB_PLAYER_TECHS(GAME_ID, PLAYER_ID, TECH_ID, LEARNED) VALUES (v_game_id, 60, 17, FALSE);
    INSERT INTO BB_PLAYER_TECHS(GAME_ID, PLAYER_ID, TECH_ID, LEARNED) VALUES (v_game_id, 60, 11, TRUE);
    INSERT INTO BB_PLAYER_TECHS(GAME_ID, PLAYER_ID, TECH_ID, LEARNED) VALUES (v_game_id, 60, 23, FALSE);
    INSERT INTO BB_PLAYER_TECHS(GAME_ID, PLAYER_ID, TECH_ID, LEARNED) VALUES (v_game_id, 60, 26, FALSE);
    INSERT INTO BB_PLAYER_TECHS(GAME_ID, PLAYER_ID, TECH_ID, LEARNED) VALUES (v_game_id, 60, 40, FALSE);
    INSERT INTO BB_PLAYER_TECHS(GAME_ID, PLAYER_ID, TECH_ID, LEARNED) VALUES (v_game_id, 60, 49, FALSE);
    
    IF EXISTS (SELECT * FROM BB_INFO WHERE USER_ID = p_identifier) THEN
		UPDATE BB_INFO SET GAME_ID=v_game_id, OPPONENT_1 = v_opp1, OPPONENT_1 = v_opp1, OPPONENT_1 = v_opp1, OPPONENT_1 = v_opp1, OPPONENT_1 = v_opp1, OPPONENT_1 = v_opp1, OPPONENT_1 = v_opp1 WHERE USER_ID=p_identifier;
	ELSE
		INSERT INTO BB_INFO(GAME_ID, USER_ID, OPPONENT_1, OPPONENT_2, OPPONENT_3, OPPONENT_4, OPPONENT_5, OPPONENT_6, OPPONENT_7) VALUES (v_game_id, p_identifier, v_opp1, v_opp2, v_opp3, v_opp4, v_opp5, v_opp6, v_opp7);
	END IF;
 RETURN (v_game_id);
END;

GRANT ALL PRIVILEGES ON mysql.proc TO 'webapp'@'localhost';
GRANT ALL PRIVILEGES ON mysql.proc TO 'webapp'@'%';