DELIMITER $$

DROP FUNCTION IF EXISTS `CREATE_BLITZBALL_GAME`$$ 
 
CREATE FUNCTION CREATE_BLITZBALL_GAME(p_identifier INT, p_team_name VARCHAR(30)) RETURNS INT
    NOT DETERMINISTIC
BEGIN
    DECLARE v_game_id INT;
    DECLARE v_opp1 INT;
    DECLARE v_opp2 INT;
    DECLARE v_opp3 INT;
    DECLARE v_opp4 INT;
    DECLARE v_opp5 INT;
    DECLARE v_opp6 INT;
    DECLARE v_opp7 INT;
    DECLARE curr_tech_playerid INT;
    DECLARE curr_tech_key INT;
    DECLARE curr_tech_id INT;
    DECLARE tech_cursor CURSOR FOR SELECT PLAYER_ID, KEY_TECH, LEARNABLE_TECH FROM BB_KEY_TECH_UNLOCKS;
    DECLARE CONTINUE HANDLER FOR NOT FOUND SET techs_done = TRUE;
    
    INSERT INTO BB_TEAM(TEAM_NAME, LWING, RWING, MID, LBACK, RBACK, KEEPER) VALUES(p_team_name, 1, 2, 3, 4, 5, 6);
	SELECT LAST_INSERT_ID() INTO v_game_id;
    UPDATE BB_TEAM SET GAME_ID=v_game_id WHERE TEAM_ID=v_game_id;
    INSERT INTO BB_PLAYERS(PLAYER_ID, GAME_ID, NAME, MODEL, LEVEL, EXP,CURR_TEAM, SALARY, CONTRACT_LENGTH, KEYTECH1, KEYTECH2, KEYTECH3) VALUES(1, v_game_id, 'Tidus', 'tidus/tidus.dae', 1, 0, v_game_id, 550, 45, 1, 26, 2);
    INSERT INTO BB_PLAYERS(PLAYER_ID, GAME_ID, NAME, MODEL, LEVEL, EXP,CURR_TEAM, SALARY, CONTRACT_LENGTH, KEYTECH1, KEYTECH2, KEYTECH3) VALUES(2, v_game_id, 'Datto', 'stormtrooper/stormtrooper.dae', 1, 0, v_game_id, 40, 15, 4, 11, 12);
    INSERT INTO BB_PLAYERS(PLAYER_ID, GAME_ID, NAME, MODEL, LEVEL, EXP,CURR_TEAM, SALARY, CONTRACT_LENGTH, KEYTECH1, KEYTECH2, KEYTECH3) VALUES(3, v_game_id, 'Letty', 'stormtrooper/stormtrooper.dae', 1, 0, v_game_id, 38, 10, 19, 42, 21);
    INSERT INTO BB_PLAYERS(PLAYER_ID, GAME_ID, NAME, MODEL, LEVEL, EXP,CURR_TEAM, SALARY, CONTRACT_LENGTH, KEYTECH1, KEYTECH2, KEYTECH3) VALUES(4, v_game_id, 'Jassu', 'stormtrooper/stormtrooper.dae', 1, 0, v_game_id, 47, 8, 34, 38, 46);
    INSERT INTO BB_PLAYERS(PLAYER_ID, GAME_ID, NAME, MODEL, LEVEL, EXP,CURR_TEAM, SALARY, CONTRACT_LENGTH, KEYTECH1, KEYTECH2, KEYTECH3) VALUES(5, v_game_id, 'Botta', 'stormtrooper/stormtrooper.dae', 1, 0, v_game_id, 40, 7, 28, 32, 50);
    INSERT INTO BB_PLAYERS(PLAYER_ID, GAME_ID, NAME, MODEL, LEVEL, EXP,CURR_TEAM, SALARY, CONTRACT_LENGTH, KEYTECH1, KEYTECH2, KEYTECH3) VALUES(6, v_game_id, 'Keepa', 'stormtrooper/stormtrooper.dae', 1, 0, v_game_id, 35, 16, 1, 49, 60);
    INSERT INTO BB_PLAYER_TECHS(GAME_ID, PLAYER_ID, TECH_ID, LEARNED) VALUES (v_game_id, 6, 1, FALSE);
    INSERT INTO BB_PLAYER_TECHS(GAME_ID, PLAYER_ID, TECH_ID, LEARNED) VALUES (v_game_id, 6, 49, FALSE);
    INSERT INTO BB_PLAYER_TECHS(GAME_ID, PLAYER_ID, TECH_ID, LEARNED) VALUES (v_game_id, 6, 59, FALSE);
    INSERT INTO BB_PLAYER_TECHS(GAME_ID, PLAYER_ID, TECH_ID, LEARNED) VALUES (v_game_id, 6, 40, FALSE);
    INSERT INTO BB_PLAYER_TECHS(GAME_ID, PLAYER_ID, TECH_ID, LEARNED) VALUES (v_game_id, 6, 44, FALSE);
    INSERT INTO BB_PLAYER_TECHS(GAME_ID, PLAYER_ID, TECH_ID, LEARNED) VALUES (v_game_id, 6, 55, FALSE);
    
    INSERT INTO BB_TEAM(GAME_ID, TEAM_NAME, LWING, RWING, MID, LBACK, RBACK, KEEPER) VALUES(v_game_id, 'Coruscant Chancellors', 7, 8, 9, 10, 11, 12);
	SELECT LAST_INSERT_ID() INTO v_opp1;
    INSERT INTO BB_PLAYERS(PLAYER_ID, GAME_ID, NAME, MODEL, LEVEL, EXP,CURR_TEAM, SALARY, CONTRACT_LENGTH, KEYTECH1, KEYTECH2, KEYTECH3) VALUES(7, v_game_id, 'FN-2199', 'stormtrooper/stormtrooper.dae', 1, 0, v_opp1, 43, 10, 12, 30, 38);
    INSERT INTO BB_PLAYER_TECHS(GAME_ID, PLAYER_ID, TECH_ID, LEARNED) VALUES (v_game_id, 7, 5, FALSE);
    INSERT INTO BB_PLAYER_TECHS(GAME_ID, PLAYER_ID, TECH_ID, LEARNED) VALUES (v_game_id, 7, 8, FALSE);
    INSERT INTO BB_PLAYER_TECHS(GAME_ID, PLAYER_ID, TECH_ID, LEARNED) VALUES (v_game_id, 7, 11, TRUE);
    INSERT INTO BB_PLAYER_TECHS(GAME_ID, PLAYER_ID, TECH_ID, LEARNED) VALUES (v_game_id, 7, 12, FALSE);
    INSERT INTO BB_PLAYER_TECHS(GAME_ID, PLAYER_ID, TECH_ID, LEARNED) VALUES (v_game_id, 7, 17, FALSE);
    INSERT INTO BB_PLAYER_TECHS(GAME_ID, PLAYER_ID, TECH_ID, LEARNED) VALUES (v_game_id, 7, 23, TRUE);
    INSERT INTO BB_PLAYER_TECHS(GAME_ID, PLAYER_ID, TECH_ID, LEARNED) VALUES (v_game_id, 7, 29, TRUE);
    INSERT INTO BB_PLAYER_TECHS(GAME_ID, PLAYER_ID, TECH_ID, LEARNED) VALUES (v_game_id, 7, 30, FALSE);
    INSERT INTO BB_PLAYER_TECHS(GAME_ID, PLAYER_ID, TECH_ID, LEARNED) VALUES (v_game_id, 7, 38, FALSE);
    INSERT INTO BB_PLAYER_TECHS(GAME_ID, PLAYER_ID, TECH_ID, LEARNED) VALUES (v_game_id, 7, 57, FALSE);
    INSERT INTO BB_PLAYERS(PLAYER_ID, GAME_ID, NAME, MODEL, LEVEL, EXP,CURR_TEAM, SALARY, CONTRACT_LENGTH, KEYTECH1, KEYTECH2, KEYTECH3) VALUES(8, v_game_id, 'TK-338', 'stormtrooper/stormtrooper.dae', 1, 0, v_opp1, 60, 17, 12, 30, 2);
    INSERT INTO BB_PLAYER_TECHS(GAME_ID, PLAYER_ID, TECH_ID, LEARNED) VALUES (v_game_id, 8, 5, FALSE);
    INSERT INTO BB_PLAYER_TECHS(GAME_ID, PLAYER_ID, TECH_ID, LEARNED) VALUES (v_game_id, 8, 8, FALSE);
    INSERT INTO BB_PLAYER_TECHS(GAME_ID, PLAYER_ID, TECH_ID, LEARNED) VALUES (v_game_id, 8, 11, TRUE);
    INSERT INTO BB_PLAYER_TECHS(GAME_ID, PLAYER_ID, TECH_ID, LEARNED) VALUES (v_game_id, 8, 12, FALSE);
    INSERT INTO BB_PLAYER_TECHS(GAME_ID, PLAYER_ID, TECH_ID, LEARNED) VALUES (v_game_id, 8, 17, FALSE);
    INSERT INTO BB_PLAYER_TECHS(GAME_ID, PLAYER_ID, TECH_ID, LEARNED) VALUES (v_game_id, 8, 23, TRUE);
    INSERT INTO BB_PLAYER_TECHS(GAME_ID, PLAYER_ID, TECH_ID, LEARNED) VALUES (v_game_id, 8, 29, TRUE);
    INSERT INTO BB_PLAYER_TECHS(GAME_ID, PLAYER_ID, TECH_ID, LEARNED) VALUES (v_game_id, 8, 30, FALSE);
    INSERT INTO BB_PLAYER_TECHS(GAME_ID, PLAYER_ID, TECH_ID, LEARNED) VALUES (v_game_id, 8, 38, FALSE);
    INSERT INTO BB_PLAYER_TECHS(GAME_ID, PLAYER_ID, TECH_ID, LEARNED) VALUES (v_game_id, 8, 57, FALSE);
    INSERT INTO BB_PLAYERS(PLAYER_ID, GAME_ID, NAME, MODEL, LEVEL, EXP,CURR_TEAM, SALARY, CONTRACT_LENGTH, KEYTECH1, KEYTECH2, KEYTECH3) VALUES(9, v_game_id, 'FL-1182', 'stormtrooper/stormtrooper.dae', 1, 0, v_opp1, 47, 10, 44, 24, 22);
	INSERT INTO BB_PLAYER_TECHS(GAME_ID, PLAYER_ID, TECH_ID, LEARNED) VALUES (v_game_id, 9, 14, FALSE);
	INSERT INTO BB_PLAYER_TECHS(GAME_ID, PLAYER_ID, TECH_ID, LEARNED) VALUES (v_game_id, 9, 17, TRUE);
	INSERT INTO BB_PLAYER_TECHS(GAME_ID, PLAYER_ID, TECH_ID, LEARNED) VALUES (v_game_id, 9, 20, FALSE);
	INSERT INTO BB_PLAYER_TECHS(GAME_ID, PLAYER_ID, TECH_ID, LEARNED) VALUES (v_game_id, 9, 26, TRUE);
	INSERT INTO BB_PLAYER_TECHS(GAME_ID, PLAYER_ID, TECH_ID, LEARNED) VALUES (v_game_id, 9, 27, FALSE);
	INSERT INTO BB_PLAYER_TECHS(GAME_ID, PLAYER_ID, TECH_ID, LEARNED) VALUES (v_game_id, 9, 29, FALSE);
	INSERT INTO BB_PLAYER_TECHS(GAME_ID, PLAYER_ID, TECH_ID, LEARNED) VALUES (v_game_id, 9, 40, TRUE);
	INSERT INTO BB_PLAYER_TECHS(GAME_ID, PLAYER_ID, TECH_ID, LEARNED) VALUES (v_game_id, 9, 54, FALSE);
    INSERT INTO BB_PLAYERS(PLAYER_ID, GAME_ID, NAME, MODEL, LEVEL, EXP,CURR_TEAM, SALARY, CONTRACT_LENGTH, KEYTECH1, KEYTECH2, KEYTECH3) VALUES(10, v_game_id, 'Palpatine', 'palpatine/palpatine.dae', 1, 0, v_opp1, 178, 19, 36, 51, 37);
    INSERT INTO BB_PLAYER_TECHS(GAME_ID, PLAYER_ID, TECH_ID, LEARNED) VALUES (v_game_id, 10, 14, FALSE);
    INSERT INTO BB_PLAYER_TECHS(GAME_ID, PLAYER_ID, TECH_ID, LEARNED) VALUES (v_game_id, 10, 15, FALSE);
    INSERT INTO BB_PLAYER_TECHS(GAME_ID, PLAYER_ID, TECH_ID, LEARNED) VALUES (v_game_id, 10, 35, TRUE);
    INSERT INTO BB_PLAYER_TECHS(GAME_ID, PLAYER_ID, TECH_ID, LEARNED) VALUES (v_game_id, 10, 36, FALSE);
    INSERT INTO BB_PLAYER_TECHS(GAME_ID, PLAYER_ID, TECH_ID, LEARNED) VALUES (v_game_id, 10, 20, FALSE);
    INSERT INTO BB_PLAYER_TECHS(GAME_ID, PLAYER_ID, TECH_ID, LEARNED) VALUES (v_game_id, 10, 26, FALSE);
    INSERT INTO BB_PLAYER_TECHS(GAME_ID, PLAYER_ID, TECH_ID, LEARNED) VALUES (v_game_id, 10, 32, TRUE);
    INSERT INTO BB_PLAYER_TECHS(GAME_ID, PLAYER_ID, TECH_ID, LEARNED) VALUES (v_game_id, 10, 46, TRUE);
    INSERT INTO BB_PLAYER_TECHS(GAME_ID, PLAYER_ID, TECH_ID, LEARNED) VALUES (v_game_id, 10, 51, FALSE);
    INSERT INTO BB_PLAYERS(PLAYER_ID, GAME_ID, NAME, MODEL, LEVEL, EXP,CURR_TEAM, SALARY, CONTRACT_LENGTH, KEYTECH1, KEYTECH2, KEYTECH3) VALUES(11, v_game_id, 'ST-1498', 'stormtrooper/stormtrooper.dae', 1, 0, v_opp1, 52, 18, 27, 41, 50);
    INSERT INTO BB_PLAYER_TECHS(GAME_ID, PLAYER_ID, TECH_ID, LEARNED) VALUES (v_game_id, 11, 26, TRUE);
    INSERT INTO BB_PLAYER_TECHS(GAME_ID, PLAYER_ID, TECH_ID, LEARNED) VALUES (v_game_id, 11, 40, FALSE);
    INSERT INTO BB_PLAYER_TECHS(GAME_ID, PLAYER_ID, TECH_ID, LEARNED) VALUES (v_game_id, 11, 27, FALSE);
    INSERT INTO BB_PLAYER_TECHS(GAME_ID, PLAYER_ID, TECH_ID, LEARNED) VALUES (v_game_id, 11, 50, FALSE);
    INSERT INTO BB_PLAYER_TECHS(GAME_ID, PLAYER_ID, TECH_ID, LEARNED) VALUES (v_game_id, 11, 14, FALSE);
    INSERT INTO BB_PLAYER_TECHS(GAME_ID, PLAYER_ID, TECH_ID, LEARNED) VALUES (v_game_id, 11, 52, FALSE);
    INSERT INTO BB_PLAYERS(PLAYER_ID, GAME_ID, NAME, MODEL, LEVEL, EXP,CURR_TEAM, SALARY, CONTRACT_LENGTH, KEYTECH1, KEYTECH2, KEYTECH3) VALUES(12, v_game_id, 'Vader', 'vader/vader.dae', 1, 0, v_opp1, 510, 22, 42, 59, 47);
    INSERT INTO BB_PLAYER_TECHS(GAME_ID, PLAYER_ID, TECH_ID, LEARNED) VALUES (v_game_id, 12, 40, FALSE);
    INSERT INTO BB_PLAYER_TECHS(GAME_ID, PLAYER_ID, TECH_ID, LEARNED) VALUES (v_game_id, 12, 42, FALSE);
    INSERT INTO BB_PLAYER_TECHS(GAME_ID, PLAYER_ID, TECH_ID, LEARNED) VALUES (v_game_id, 12, 44, FALSE);
    INSERT INTO BB_PLAYER_TECHS(GAME_ID, PLAYER_ID, TECH_ID, LEARNED) VALUES (v_game_id, 12, 46, TRUE);
    INSERT INTO BB_PLAYER_TECHS(GAME_ID, PLAYER_ID, TECH_ID, LEARNED) VALUES (v_game_id, 12, 47, FALSE);
    INSERT INTO BB_PLAYER_TECHS(GAME_ID, PLAYER_ID, TECH_ID, LEARNED) VALUES (v_game_id, 12, 49, TRUE);
    INSERT INTO BB_PLAYER_TECHS(GAME_ID, PLAYER_ID, TECH_ID, LEARNED) VALUES (v_game_id, 12, 59, FALSE);

    INSERT INTO BB_TEAM(GAME_ID, TEAM_NAME, LWING, RWING, MID, LBACK, RBACK, KEEPER) VALUES(v_game_id, 'Mos Eisley Mauraders', 13, 14, 15, 16, 17, 18);
	SELECT LAST_INSERT_ID() INTO v_opp2;
    INSERT INTO BB_PLAYERS(PLAYER_ID, GAME_ID, NAME, MODEL, LEVEL, EXP,CURR_TEAM, SALARY, CONTRACT_LENGTH, KEYTECH1, KEYTECH2, KEYTECH3) VALUES(13, v_game_id, 'Luke', 'lukeskywalker/lukeskywalker.dae', 1, 0, v_opp2, 134, 1, 29, 4);
    INSERT INTO BB_PLAYER_TECHS(GAME_ID, PLAYER_ID, TECH_ID, LEARNED) VALUES (v_game_id, 13, 5, FALSE);
    INSERT INTO BB_PLAYER_TECHS(GAME_ID, PLAYER_ID, TECH_ID, LEARNED) VALUES (v_game_id, 13, 1, FALSE);
    INSERT INTO BB_PLAYER_TECHS(GAME_ID, PLAYER_ID, TECH_ID, LEARNED) VALUES (v_game_id, 13, 8, TRUE);
    INSERT INTO BB_PLAYER_TECHS(GAME_ID, PLAYER_ID, TECH_ID, LEARNED) VALUES (v_game_id, 13, 23, TRUE);
    INSERT INTO BB_PLAYER_TECHS(GAME_ID, PLAYER_ID, TECH_ID, LEARNED) VALUES (v_game_id, 13, 24, FALSE);
    INSERT INTO BB_PLAYER_TECHS(GAME_ID, PLAYER_ID, TECH_ID, LEARNED) VALUES (v_game_id, 13, 29, FALSE);
    INSERT INTO BB_PLAYER_TECHS(GAME_ID, PLAYER_ID, TECH_ID, LEARNED) VALUES (v_game_id, 13, 38, FALSE);
    INSERT INTO BB_PLAYER_TECHS(GAME_ID, PLAYER_ID, TECH_ID, LEARNED) VALUES (v_game_id, 13, 42, FALSE);
    INSERT INTO BB_PLAYERS(PLAYER_ID, GAME_ID, NAME, MODEL, LEVEL, EXP,CURR_TEAM, SALARY, CONTRACT_LENGTH, KEYTECH1, KEYTECH2, KEYTECH3) VALUES(14, v_game_id, 'Rorh\'otur', 'stormtrooper/stormtrooper.dae', 1, 0, v_opp2, 43, 10, 12, 30, 38);
    INSERT INTO BB_PLAYER_TECHS(GAME_ID, PLAYER_ID, TECH_ID, LEARNED) VALUES (v_game_id, 14, 5, TRUE);
    INSERT INTO BB_PLAYER_TECHS(GAME_ID, PLAYER_ID, TECH_ID, LEARNED) VALUES (v_game_id, 14, 23, TRUE);
    INSERT INTO BB_PLAYER_TECHS(GAME_ID, PLAYER_ID, TECH_ID, LEARNED) VALUES (v_game_id, 14, 17, FALSE);
    INSERT INTO BB_PLAYER_TECHS(GAME_ID, PLAYER_ID, TECH_ID, LEARNED) VALUES (v_game_id, 14, 20, FALSE);
    INSERT INTO BB_PLAYER_TECHS(GAME_ID, PLAYER_ID, TECH_ID, LEARNED) VALUES (v_game_id, 14, 40, FALSE);
    INSERT INTO BB_PLAYER_TECHS(GAME_ID, PLAYER_ID, TECH_ID, LEARNED) VALUES (v_game_id, 14, 46, TRUE);
    INSERT INTO BB_PLAYER_TECHS(GAME_ID, PLAYER_ID, TECH_ID, LEARNED) VALUES (v_game_id, 14, 48, FALSE);
    INSERT INTO BB_PLAYERS(PLAYER_ID, GAME_ID, NAME, MODEL, LEVEL, EXP,CURR_TEAM, SALARY, CONTRACT_LENGTH, KEYTECH1, KEYTECH2, KEYTECH3) VALUES(15, v_game_id, 'Chogg', 'stormtrooper/stormtrooper.dae', 1, 0, v_opp2, 47, 10, 44, 24, 22);
	INSERT INTO BB_PLAYER_TECHS(GAME_ID, PLAYER_ID, TECH_ID, LEARNED) VALUES (v_game_id, 15, 17, TRUE);
    INSERT INTO BB_PLAYER_TECHS(GAME_ID, PLAYER_ID, TECH_ID, LEARNED) VALUES (v_game_id, 15, 14, FALSE);
    INSERT INTO BB_PLAYER_TECHS(GAME_ID, PLAYER_ID, TECH_ID, LEARNED) VALUES (v_game_id, 15, 20, FALSE);
    INSERT INTO BB_PLAYER_TECHS(GAME_ID, PLAYER_ID, TECH_ID, LEARNED) VALUES (v_game_id, 15, 23, FALSE);
    INSERT INTO BB_PLAYER_TECHS(GAME_ID, PLAYER_ID, TECH_ID, LEARNED) VALUES (v_game_id, 15, 26, FALSE);
    INSERT INTO BB_PLAYER_TECHS(GAME_ID, PLAYER_ID, TECH_ID, LEARNED) VALUES (v_game_id, 15, 32, TRUE);
    INSERT INTO BB_PLAYER_TECHS(GAME_ID, PLAYER_ID, TECH_ID, LEARNED) VALUES (v_game_id, 15, 44, FALSE);
    INSERT INTO BB_PLAYER_TECHS(GAME_ID, PLAYER_ID, TECH_ID, LEARNED) VALUES (v_game_id, 15, 8, FALSE);
    INSERT INTO BB_PLAYERS(PLAYER_ID, GAME_ID, NAME, MODEL, LEVEL, EXP,CURR_TEAM, SALARY, CONTRACT_LENGTH, KEYTECH1, KEYTECH2, KEYTECH3) VALUES(16, v_game_id, 'Shohmac', 'stormtrooper/stormtrooper.dae', 1, 0, v_opp2, 430, 19, 3, 4, 5);
    INSERT INTO BB_PLAYER_TECHS(GAME_ID, PLAYER_ID, TECH_ID, LEARNED) VALUES (v_game_id, 16, 14, TRUE);
    INSERT INTO BB_PLAYER_TECHS(GAME_ID, PLAYER_ID, TECH_ID, LEARNED) VALUES (v_game_id, 16, 20, FALSE);
    INSERT INTO BB_PLAYER_TECHS(GAME_ID, PLAYER_ID, TECH_ID, LEARNED) VALUES (v_game_id, 16, 26, TRUE);
    INSERT INTO BB_PLAYER_TECHS(GAME_ID, PLAYER_ID, TECH_ID, LEARNED) VALUES (v_game_id, 16, 29, FALSE);
    INSERT INTO BB_PLAYER_TECHS(GAME_ID, PLAYER_ID, TECH_ID, LEARNED) VALUES (v_game_id, 16, 32, FALSE);
    INSERT INTO BB_PLAYER_TECHS(GAME_ID, PLAYER_ID, TECH_ID, LEARNED) VALUES (v_game_id, 16, 35, FALSE);
    INSERT INTO BB_PLAYER_TECHS(GAME_ID, PLAYER_ID, TECH_ID, LEARNED) VALUES (v_game_id, 16, 40, FALSE);
    INSERT INTO BB_PLAYER_TECHS(GAME_ID, PLAYER_ID, TECH_ID, LEARNED) VALUES (v_game_id, 16, 42, FALSE);
    INSERT INTO BB_PLAYERS(PLAYER_ID, GAME_ID, NAME, MODEL, LEVEL, EXP,CURR_TEAM, SALARY, CONTRACT_LENGTH, KEYTECH1, KEYTECH2, KEYTECH3) VALUES(17, v_game_id, 'Obiwan', 'obiwan/obiwan.dae', 1, 0, v_opp2, 450, 18, 3, 4, 5);
    INSERT INTO BB_PLAYER_TECHS(GAME_ID, PLAYER_ID, TECH_ID, LEARNED) VALUES (v_game_id, 17, 14, FALSE);
    INSERT INTO BB_PLAYER_TECHS(GAME_ID, PLAYER_ID, TECH_ID, LEARNED) VALUES (v_game_id, 17, 20, TRUE);
    INSERT INTO BB_PLAYER_TECHS(GAME_ID, PLAYER_ID, TECH_ID, LEARNED) VALUES (v_game_id, 17, 26, TRUE);
    INSERT INTO BB_PLAYER_TECHS(GAME_ID, PLAYER_ID, TECH_ID, LEARNED) VALUES (v_game_id, 17, 29, FALSE);
    INSERT INTO BB_PLAYER_TECHS(GAME_ID, PLAYER_ID, TECH_ID, LEARNED) VALUES (v_game_id, 17, 32, FALSE);
    INSERT INTO BB_PLAYER_TECHS(GAME_ID, PLAYER_ID, TECH_ID, LEARNED) VALUES (v_game_id, 17, 35, TRUE);
    INSERT INTO BB_PLAYER_TECHS(GAME_ID, PLAYER_ID, TECH_ID, LEARNED) VALUES (v_game_id, 17, 40, FALSE);
    INSERT INTO BB_PLAYER_TECHS(GAME_ID, PLAYER_ID, TECH_ID, LEARNED) VALUES (v_game_id, 17, 44, FALSE);
    INSERT INTO BB_PLAYERS(PLAYER_ID, GAME_ID, NAME, MODEL, LEVEL, EXP,CURR_TEAM, SALARY, CONTRACT_LENGTH, KEYTECH1, KEYTECH2, KEYTECH3) VALUES(18, v_game_id, 'R\'Burk', 'stormtrooper/stormtrooper.dae', 1, 0, v_opp2, 51, 22, 49, 59, 42);
    INSERT INTO BB_PLAYER_TECHS(GAME_ID, PLAYER_ID, TECH_ID, LEARNED) VALUES (v_game_id, 18, 23, FALSE);
    INSERT INTO BB_PLAYER_TECHS(GAME_ID, PLAYER_ID, TECH_ID, LEARNED) VALUES (v_game_id, 18, 14, FALSE);
    INSERT INTO BB_PLAYER_TECHS(GAME_ID, PLAYER_ID, TECH_ID, LEARNED) VALUES (v_game_id, 18, 44, TRUE);
    INSERT INTO BB_PLAYER_TECHS(GAME_ID, PLAYER_ID, TECH_ID, LEARNED) VALUES (v_game_id, 18, 49, FALSE);
    INSERT INTO BB_PLAYER_TECHS(GAME_ID, PLAYER_ID, TECH_ID, LEARNED) VALUES (v_game_id, 18, 57, TRUE);

    INSERT INTO BB_TEAM(GAME_ID, TEAM_NAME, LWING, RWING, MID, LBACK, RBACK, KEEPER) VALUES(v_game_id, 'Dantooine Grauls', 19, 20, 21, 22, 23, 24);
	SELECT LAST_INSERT_ID() INTO v_opp3;
    INSERT INTO BB_PLAYERS(PLAYER_ID, GAME_ID, NAME, MODEL, LEVEL, EXP,CURR_TEAM, SALARY, CONTRACT_LENGTH, KEYTECH1, KEYTECH2, KEYTECH3) VALUES(19, v_game_id, 'Bickson', 'stormtrooper/stormtrooper.dae', 1, 0, v_opp3, 43, 10, 12, 30, 38);
    INSERT INTO BB_PLAYER_TECHS(GAME_ID, PLAYER_ID, TECH_ID, LEARNED) VALUES (v_game_id, 19, 3, TRUE);
    INSERT INTO BB_PLAYER_TECHS(GAME_ID, PLAYER_ID, TECH_ID, LEARNED) VALUES (v_game_id, 19, 5, FALSE);
    INSERT INTO BB_PLAYER_TECHS(GAME_ID, PLAYER_ID, TECH_ID, LEARNED) VALUES (v_game_id, 19, 8, FALSE);
    INSERT INTO BB_PLAYER_TECHS(GAME_ID, PLAYER_ID, TECH_ID, LEARNED) VALUES (v_game_id, 19, 11, FALSE);
    INSERT INTO BB_PLAYER_TECHS(GAME_ID, PLAYER_ID, TECH_ID, LEARNED) VALUES (v_game_id, 19, 14, FALSE);
    INSERT INTO BB_PLAYER_TECHS(GAME_ID, PLAYER_ID, TECH_ID, LEARNED) VALUES (v_game_id, 19, 35, FALSE);
    INSERT INTO BB_PLAYER_TECHS(GAME_ID, PLAYER_ID, TECH_ID, LEARNED) VALUES (v_game_id, 19, 40, FALSE);
    INSERT INTO BB_PLAYER_TECHS(GAME_ID, PLAYER_ID, TECH_ID, LEARNED) VALUES (v_game_id, 19, 44, FALSE);
    INSERT INTO BB_PLAYERS(PLAYER_ID, GAME_ID, NAME, MODEL, LEVEL, EXP,CURR_TEAM, SALARY, CONTRACT_LENGTH, KEYTECH1, KEYTECH2, KEYTECH3) VALUES(20, v_game_id, 'Abus', 'stormtrooper/stormtrooper.dae', 1, 0, v_opp3, 43, 10, 12, 30, 38);
    INSERT INTO BB_PLAYER_TECHS(GAME_ID, PLAYER_ID, TECH_ID, LEARNED) VALUES (v_game_id, 20, 5, TRUE);
    INSERT INTO BB_PLAYER_TECHS(GAME_ID, PLAYER_ID, TECH_ID, LEARNED) VALUES (v_game_id, 20, 23, TRUE);
    INSERT INTO BB_PLAYER_TECHS(GAME_ID, PLAYER_ID, TECH_ID, LEARNED) VALUES (v_game_id, 20, 17, FALSE);
    INSERT INTO BB_PLAYER_TECHS(GAME_ID, PLAYER_ID, TECH_ID, LEARNED) VALUES (v_game_id, 20, 20, FALSE);
    INSERT INTO BB_PLAYER_TECHS(GAME_ID, PLAYER_ID, TECH_ID, LEARNED) VALUES (v_game_id, 20, 40, FALSE);
    INSERT INTO BB_PLAYER_TECHS(GAME_ID, PLAYER_ID, TECH_ID, LEARNED) VALUES (v_game_id, 20, 46, TRUE);
    INSERT INTO BB_PLAYER_TECHS(GAME_ID, PLAYER_ID, TECH_ID, LEARNED) VALUES (v_game_id, 20, 48, FALSE);
    INSERT INTO BB_PLAYERS(PLAYER_ID, GAME_ID, NAME, MODEL, LEVEL, EXP,CURR_TEAM, SALARY, CONTRACT_LENGTH, KEYTECH1, KEYTECH2, KEYTECH3) VALUES(21, v_game_id, 'Leia', 'stormtrooper/stormtrooper.dae', 1, 0, v_opp3, 520, 10, 3, 4, 5);
	INSERT INTO BB_PLAYER_TECHS(GAME_ID, PLAYER_ID, TECH_ID, LEARNED) VALUES (v_game_id, 21, 17, TRUE);
    INSERT INTO BB_PLAYER_TECHS(GAME_ID, PLAYER_ID, TECH_ID, LEARNED) VALUES (v_game_id, 21, 14, FALSE);
    INSERT INTO BB_PLAYER_TECHS(GAME_ID, PLAYER_ID, TECH_ID, LEARNED) VALUES (v_game_id, 21, 20, FALSE);
    INSERT INTO BB_PLAYER_TECHS(GAME_ID, PLAYER_ID, TECH_ID, LEARNED) VALUES (v_game_id, 21, 23, FALSE);
    INSERT INTO BB_PLAYER_TECHS(GAME_ID, PLAYER_ID, TECH_ID, LEARNED) VALUES (v_game_id, 21, 26, FALSE);
    INSERT INTO BB_PLAYER_TECHS(GAME_ID, PLAYER_ID, TECH_ID, LEARNED) VALUES (v_game_id, 21, 32, TRUE);
    INSERT INTO BB_PLAYER_TECHS(GAME_ID, PLAYER_ID, TECH_ID, LEARNED) VALUES (v_game_id, 21, 44, FALSE);
    INSERT INTO BB_PLAYER_TECHS(GAME_ID, PLAYER_ID, TECH_ID, LEARNED) VALUES (v_game_id, 21, 8, FALSE);
    INSERT INTO BB_PLAYERS(PLAYER_ID, GAME_ID, NAME, MODEL, LEVEL, EXP,CURR_TEAM, SALARY, CONTRACT_LENGTH, KEYTECH1, KEYTECH2, KEYTECH3) VALUES(22, v_game_id, 'Balgerda', 'stormtrooper/stormtrooper.dae', 1, 0, v_opp3, 500, 19, 3, 4, 5);
    INSERT INTO BB_PLAYER_TECHS(GAME_ID, PLAYER_ID, TECH_ID, LEARNED) VALUES (v_game_id, 22, 14, TRUE);
    INSERT INTO BB_PLAYER_TECHS(GAME_ID, PLAYER_ID, TECH_ID, LEARNED) VALUES (v_game_id, 22, 20, FALSE);
    INSERT INTO BB_PLAYER_TECHS(GAME_ID, PLAYER_ID, TECH_ID, LEARNED) VALUES (v_game_id, 22, 26, TRUE);
    INSERT INTO BB_PLAYER_TECHS(GAME_ID, PLAYER_ID, TECH_ID, LEARNED) VALUES (v_game_id, 22, 29, FALSE);
    INSERT INTO BB_PLAYER_TECHS(GAME_ID, PLAYER_ID, TECH_ID, LEARNED) VALUES (v_game_id, 22, 32, FALSE);
    INSERT INTO BB_PLAYER_TECHS(GAME_ID, PLAYER_ID, TECH_ID, LEARNED) VALUES (v_game_id, 22, 35, FALSE);
    INSERT INTO BB_PLAYER_TECHS(GAME_ID, PLAYER_ID, TECH_ID, LEARNED) VALUES (v_game_id, 22, 40, FALSE);
    INSERT INTO BB_PLAYER_TECHS(GAME_ID, PLAYER_ID, TECH_ID, LEARNED) VALUES (v_game_id, 22, 42, FALSE);
    INSERT INTO BB_PLAYERS(PLAYER_ID, GAME_ID, NAME, MODEL, LEVEL, EXP,CURR_TEAM, SALARY, CONTRACT_LENGTH, KEYTECH1, KEYTECH2, KEYTECH3) VALUES(23, v_game_id, 'Doram', 'stormtrooper/stormtrooper.dae', 1, 0, v_opp3, 570, 18, 3, 4, 5);
    INSERT INTO BB_PLAYER_TECHS(GAME_ID, PLAYER_ID, TECH_ID, LEARNED) VALUES (v_game_id, 23, 14, FALSE);
    INSERT INTO BB_PLAYER_TECHS(GAME_ID, PLAYER_ID, TECH_ID, LEARNED) VALUES (v_game_id, 23, 20, TRUE);
    INSERT INTO BB_PLAYER_TECHS(GAME_ID, PLAYER_ID, TECH_ID, LEARNED) VALUES (v_game_id, 23, 26, TRUE);
    INSERT INTO BB_PLAYER_TECHS(GAME_ID, PLAYER_ID, TECH_ID, LEARNED) VALUES (v_game_id, 23, 29, FALSE);
    INSERT INTO BB_PLAYER_TECHS(GAME_ID, PLAYER_ID, TECH_ID, LEARNED) VALUES (v_game_id, 23, 32, FALSE);
    INSERT INTO BB_PLAYER_TECHS(GAME_ID, PLAYER_ID, TECH_ID, LEARNED) VALUES (v_game_id, 23, 35, TRUE);
    INSERT INTO BB_PLAYER_TECHS(GAME_ID, PLAYER_ID, TECH_ID, LEARNED) VALUES (v_game_id, 23, 40, FALSE);
    INSERT INTO BB_PLAYER_TECHS(GAME_ID, PLAYER_ID, TECH_ID, LEARNED) VALUES (v_game_id, 23, 44, FALSE);
    INSERT INTO BB_PLAYERS(PLAYER_ID, GAME_ID, NAME, MODEL, LEVEL, EXP,CURR_TEAM, SALARY, CONTRACT_LENGTH, KEYTECH1, KEYTECH2, KEYTECH3) VALUES(24, v_game_id, 'Ackbar', 'stormtrooper/stormtrooper.dae', 1, 0, v_opp3, 470, 22, 3, 4, 5);
    INSERT INTO BB_PLAYER_TECHS(GAME_ID, PLAYER_ID, TECH_ID, LEARNED) VALUES (v_game_id, 24, 17, FALSE);
    INSERT INTO BB_PLAYER_TECHS(GAME_ID, PLAYER_ID, TECH_ID, LEARNED) VALUES (v_game_id, 24, 11, TRUE);
    INSERT INTO BB_PLAYER_TECHS(GAME_ID, PLAYER_ID, TECH_ID, LEARNED) VALUES (v_game_id, 24, 23, FALSE);
    INSERT INTO BB_PLAYER_TECHS(GAME_ID, PLAYER_ID, TECH_ID, LEARNED) VALUES (v_game_id, 24, 26, FALSE);
    INSERT INTO BB_PLAYER_TECHS(GAME_ID, PLAYER_ID, TECH_ID, LEARNED) VALUES (v_game_id, 24, 40, FALSE);
    INSERT INTO BB_PLAYER_TECHS(GAME_ID, PLAYER_ID, TECH_ID, LEARNED) VALUES (v_game_id, 24, 49, FALSE);
    
    INSERT INTO BB_TEAM(GAME_ID, TEAM_NAME, LWING, RWING, MID, LBACK, RBACK, KEEPER) VALUES(v_game_id, 'Kashyyyk Katarn', 25, 26, 27, 28, 29, 30);
	SELECT LAST_INSERT_ID() INTO v_opp4;
    INSERT INTO BB_PLAYERS(PLAYER_ID, GAME_ID, NAME, MODEL, LEVEL, EXP,CURR_TEAM, SALARY, CONTRACT_LENGTH, KEYTECH1, KEYTECH2, KEYTECH3) VALUES(25, v_game_id, 'Arriwarr', 'stormtrooper/stormtrooper.dae', 1, 0, v_opp4, 43, 10, 12, 30, 38);
    INSERT INTO BB_PLAYER_TECHS(GAME_ID, PLAYER_ID, TECH_ID, LEARNED) VALUES (v_game_id, 25, 3, TRUE);
    INSERT INTO BB_PLAYER_TECHS(GAME_ID, PLAYER_ID, TECH_ID, LEARNED) VALUES (v_game_id, 25, 5, FALSE);
    INSERT INTO BB_PLAYER_TECHS(GAME_ID, PLAYER_ID, TECH_ID, LEARNED) VALUES (v_game_id, 25, 8, FALSE);
    INSERT INTO BB_PLAYER_TECHS(GAME_ID, PLAYER_ID, TECH_ID, LEARNED) VALUES (v_game_id, 25, 11, FALSE);
    INSERT INTO BB_PLAYER_TECHS(GAME_ID, PLAYER_ID, TECH_ID, LEARNED) VALUES (v_game_id, 25, 14, FALSE);
    INSERT INTO BB_PLAYER_TECHS(GAME_ID, PLAYER_ID, TECH_ID, LEARNED) VALUES (v_game_id, 25, 35, FALSE);
    INSERT INTO BB_PLAYER_TECHS(GAME_ID, PLAYER_ID, TECH_ID, LEARNED) VALUES (v_game_id, 25, 40, FALSE);
    INSERT INTO BB_PLAYER_TECHS(GAME_ID, PLAYER_ID, TECH_ID, LEARNED) VALUES (v_game_id, 25, 44, FALSE);
    INSERT INTO BB_PLAYERS(PLAYER_ID, GAME_ID, NAME, MODEL, LEVEL, EXP,CURR_TEAM, SALARY, CONTRACT_LENGTH, KEYTECH1, KEYTECH2, KEYTECH3) VALUES(26, v_game_id, 'Han', 'stormtrooper/stormtrooper.dae', 1, 0, v_opp4, 470, 17, 3, 4, 5);
    INSERT INTO BB_PLAYER_TECHS(GAME_ID, PLAYER_ID, TECH_ID, LEARNED) VALUES (v_game_id, 26, 5, TRUE);
    INSERT INTO BB_PLAYER_TECHS(GAME_ID, PLAYER_ID, TECH_ID, LEARNED) VALUES (v_game_id, 26, 23, TRUE);
    INSERT INTO BB_PLAYER_TECHS(GAME_ID, PLAYER_ID, TECH_ID, LEARNED) VALUES (v_game_id, 26, 17, FALSE);
    INSERT INTO BB_PLAYER_TECHS(GAME_ID, PLAYER_ID, TECH_ID, LEARNED) VALUES (v_game_id, 26, 20, FALSE);
    INSERT INTO BB_PLAYER_TECHS(GAME_ID, PLAYER_ID, TECH_ID, LEARNED) VALUES (v_game_id, 26, 40, FALSE);
    INSERT INTO BB_PLAYER_TECHS(GAME_ID, PLAYER_ID, TECH_ID, LEARNED) VALUES (v_game_id, 26, 46, TRUE);
    INSERT INTO BB_PLAYER_TECHS(GAME_ID, PLAYER_ID, TECH_ID, LEARNED) VALUES (v_game_id, 26, 48, FALSE);
    INSERT INTO BB_PLAYERS(PLAYER_ID, GAME_ID, NAME, MODEL, LEVEL, EXP,CURR_TEAM, SALARY, CONTRACT_LENGTH, KEYTECH1, KEYTECH2, KEYTECH3) VALUES(27, v_game_id, 'Kitkabukk', 'stormtrooper/stormtrooper.dae', 1, 0, v_opp4, 47, 10, 44, 24, 22);
	INSERT INTO BB_PLAYER_TECHS(GAME_ID, PLAYER_ID, TECH_ID, LEARNED) VALUES (v_game_id, 27, 17, TRUE);
    INSERT INTO BB_PLAYER_TECHS(GAME_ID, PLAYER_ID, TECH_ID, LEARNED) VALUES (v_game_id, 27, 14, FALSE);
    INSERT INTO BB_PLAYER_TECHS(GAME_ID, PLAYER_ID, TECH_ID, LEARNED) VALUES (v_game_id, 27, 20, FALSE);
    INSERT INTO BB_PLAYER_TECHS(GAME_ID, PLAYER_ID, TECH_ID, LEARNED) VALUES (v_game_id, 27, 23, FALSE);
    INSERT INTO BB_PLAYER_TECHS(GAME_ID, PLAYER_ID, TECH_ID, LEARNED) VALUES (v_game_id, 27, 26, FALSE);
    INSERT INTO BB_PLAYER_TECHS(GAME_ID, PLAYER_ID, TECH_ID, LEARNED) VALUES (v_game_id, 27, 32, TRUE);
    INSERT INTO BB_PLAYER_TECHS(GAME_ID, PLAYER_ID, TECH_ID, LEARNED) VALUES (v_game_id, 27, 44, FALSE);
    INSERT INTO BB_PLAYER_TECHS(GAME_ID, PLAYER_ID, TECH_ID, LEARNED) VALUES (v_game_id, 27, 8, FALSE);
    INSERT INTO BB_PLAYERS(PLAYER_ID, GAME_ID, NAME, MODEL, LEVEL, EXP,CURR_TEAM, SALARY, CONTRACT_LENGTH, KEYTECH1, KEYTECH2, KEYTECH3) VALUES(28, v_game_id, 'Graaddik', 'stormtrooper/stormtrooper.dae', 1, 0, v_opp4, 470, 19, 3, 4, 5);
    INSERT INTO BB_PLAYER_TECHS(GAME_ID, PLAYER_ID, TECH_ID, LEARNED) VALUES (v_game_id, 28, 14, TRUE);
    INSERT INTO BB_PLAYER_TECHS(GAME_ID, PLAYER_ID, TECH_ID, LEARNED) VALUES (v_game_id, 28, 20, FALSE);
    INSERT INTO BB_PLAYER_TECHS(GAME_ID, PLAYER_ID, TECH_ID, LEARNED) VALUES (v_game_id, 28, 26, TRUE);
    INSERT INTO BB_PLAYER_TECHS(GAME_ID, PLAYER_ID, TECH_ID, LEARNED) VALUES (v_game_id, 28, 29, FALSE);
    INSERT INTO BB_PLAYER_TECHS(GAME_ID, PLAYER_ID, TECH_ID, LEARNED) VALUES (v_game_id, 28, 32, FALSE);
    INSERT INTO BB_PLAYER_TECHS(GAME_ID, PLAYER_ID, TECH_ID, LEARNED) VALUES (v_game_id, 28, 35, FALSE);
    INSERT INTO BB_PLAYER_TECHS(GAME_ID, PLAYER_ID, TECH_ID, LEARNED) VALUES (v_game_id, 28, 40, FALSE);
    INSERT INTO BB_PLAYER_TECHS(GAME_ID, PLAYER_ID, TECH_ID, LEARNED) VALUES (v_game_id, 28, 42, FALSE);
    INSERT INTO BB_PLAYERS(PLAYER_ID, GAME_ID, NAME, MODEL, LEVEL, EXP,CURR_TEAM, SALARY, CONTRACT_LENGTH, KEYTECH1, KEYTECH2, KEYTECH3) VALUES(29, v_game_id, 'Dewarra', 'stormtrooper/stormtrooper.dae', 1, 0, v_opp4, 470, 18, 3, 4, 5);
    INSERT INTO BB_PLAYER_TECHS(GAME_ID, PLAYER_ID, TECH_ID, LEARNED) VALUES (v_game_id, 29, 14, FALSE);
    INSERT INTO BB_PLAYER_TECHS(GAME_ID, PLAYER_ID, TECH_ID, LEARNED) VALUES (v_game_id, 29, 20, TRUE);
    INSERT INTO BB_PLAYER_TECHS(GAME_ID, PLAYER_ID, TECH_ID, LEARNED) VALUES (v_game_id, 29, 26, TRUE);
    INSERT INTO BB_PLAYER_TECHS(GAME_ID, PLAYER_ID, TECH_ID, LEARNED) VALUES (v_game_id, 29, 29, FALSE);
    INSERT INTO BB_PLAYER_TECHS(GAME_ID, PLAYER_ID, TECH_ID, LEARNED) VALUES (v_game_id, 29, 32, FALSE);
    INSERT INTO BB_PLAYER_TECHS(GAME_ID, PLAYER_ID, TECH_ID, LEARNED) VALUES (v_game_id, 29, 35, TRUE);
    INSERT INTO BB_PLAYER_TECHS(GAME_ID, PLAYER_ID, TECH_ID, LEARNED) VALUES (v_game_id, 29, 40, FALSE);
    INSERT INTO BB_PLAYER_TECHS(GAME_ID, PLAYER_ID, TECH_ID, LEARNED) VALUES (v_game_id, 29, 44, FALSE);
    INSERT INTO BB_PLAYERS(PLAYER_ID, GAME_ID, NAME, MODEL, LEVEL, EXP,CURR_TEAM, SALARY, CONTRACT_LENGTH, KEYTECH1, KEYTECH2, KEYTECH3) VALUES(30, v_game_id, 'Chewbacca', 'stormtrooper/stormtrooper.dae', 1, 0, v_opp4, 470, 22, 3, 4, 5);
    INSERT INTO BB_PLAYER_TECHS(GAME_ID, PLAYER_ID, TECH_ID, LEARNED) VALUES (v_game_id, 30, 17, FALSE);
    INSERT INTO BB_PLAYER_TECHS(GAME_ID, PLAYER_ID, TECH_ID, LEARNED) VALUES (v_game_id, 30, 11, TRUE);
    INSERT INTO BB_PLAYER_TECHS(GAME_ID, PLAYER_ID, TECH_ID, LEARNED) VALUES (v_game_id, 30, 23, FALSE);
    INSERT INTO BB_PLAYER_TECHS(GAME_ID, PLAYER_ID, TECH_ID, LEARNED) VALUES (v_game_id, 30, 26, FALSE);
    INSERT INTO BB_PLAYER_TECHS(GAME_ID, PLAYER_ID, TECH_ID, LEARNED) VALUES (v_game_id, 30, 40, FALSE);
    INSERT INTO BB_PLAYER_TECHS(GAME_ID, PLAYER_ID, TECH_ID, LEARNED) VALUES (v_game_id, 30, 49, FALSE);
    
    INSERT INTO BB_TEAM(GAME_ID, TEAM_NAME, LWING, RWING, MID, LBACK, RBACK, KEEPER) VALUES(v_game_id, 'Korriban Tuk\'ata', 31, 32, 33, 34, 35, 36);
	SELECT LAST_INSERT_ID() INTO v_opp5;
    INSERT INTO BB_PLAYERS(PLAYER_ID, GAME_ID, NAME, MODEL, LEVEL, EXP,CURR_TEAM, SALARY, CONTRACT_LENGTH, KEYTECH1, KEYTECH2, KEYTECH3) VALUES(31, v_game_id, 'Revan', 'stormtrooper/stormtrooper.dae', 1, 0, v_opp5, 470, 10, 3, 4, 5);
    INSERT INTO BB_PLAYER_TECHS(GAME_ID, PLAYER_ID, TECH_ID, LEARNED) VALUES (v_game_id, 31, 3, TRUE);
    INSERT INTO BB_PLAYER_TECHS(GAME_ID, PLAYER_ID, TECH_ID, LEARNED) VALUES (v_game_id, 31, 5, FALSE);
    INSERT INTO BB_PLAYER_TECHS(GAME_ID, PLAYER_ID, TECH_ID, LEARNED) VALUES (v_game_id, 31, 8, FALSE);
    INSERT INTO BB_PLAYER_TECHS(GAME_ID, PLAYER_ID, TECH_ID, LEARNED) VALUES (v_game_id, 31, 11, FALSE);
    INSERT INTO BB_PLAYER_TECHS(GAME_ID, PLAYER_ID, TECH_ID, LEARNED) VALUES (v_game_id, 31, 14, FALSE);
    INSERT INTO BB_PLAYER_TECHS(GAME_ID, PLAYER_ID, TECH_ID, LEARNED) VALUES (v_game_id, 31, 35, FALSE);
    INSERT INTO BB_PLAYER_TECHS(GAME_ID, PLAYER_ID, TECH_ID, LEARNED) VALUES (v_game_id, 31, 40, FALSE);
    INSERT INTO BB_PLAYER_TECHS(GAME_ID, PLAYER_ID, TECH_ID, LEARNED) VALUES (v_game_id, 31, 44, FALSE);
    INSERT INTO BB_PLAYERS(PLAYER_ID, GAME_ID, NAME, MODEL, LEVEL, EXP,CURR_TEAM, SALARY, CONTRACT_LENGTH, KEYTECH1, KEYTECH2, KEYTECH3) VALUES(32, v_game_id, 'Malak', 'stormtrooper/stormtrooper.dae', 1, 0, v_opp5, 470, 17, 3, 4, 5);
    INSERT INTO BB_PLAYER_TECHS(GAME_ID, PLAYER_ID, TECH_ID, LEARNED) VALUES (v_game_id, 32, 5, TRUE);
    INSERT INTO BB_PLAYER_TECHS(GAME_ID, PLAYER_ID, TECH_ID, LEARNED) VALUES (v_game_id, 32, 23, TRUE);
    INSERT INTO BB_PLAYER_TECHS(GAME_ID, PLAYER_ID, TECH_ID, LEARNED) VALUES (v_game_id, 32, 17, FALSE);
    INSERT INTO BB_PLAYER_TECHS(GAME_ID, PLAYER_ID, TECH_ID, LEARNED) VALUES (v_game_id, 32, 20, FALSE);
    INSERT INTO BB_PLAYER_TECHS(GAME_ID, PLAYER_ID, TECH_ID, LEARNED) VALUES (v_game_id, 32, 40, FALSE);
    INSERT INTO BB_PLAYER_TECHS(GAME_ID, PLAYER_ID, TECH_ID, LEARNED) VALUES (v_game_id, 32, 46, TRUE);
    INSERT INTO BB_PLAYER_TECHS(GAME_ID, PLAYER_ID, TECH_ID, LEARNED) VALUES (v_game_id, 32, 48, FALSE);
    INSERT INTO BB_PLAYERS(PLAYER_ID, GAME_ID, NAME, MODEL, LEVEL, EXP,CURR_TEAM, SALARY, CONTRACT_LENGTH, KEYTECH1, KEYTECH2, KEYTECH3) VALUES(33, v_game_id, 'Graav', 'stormtrooper/stormtrooper.dae', 1, 0, v_opp5, 47, 10, 44, 24, 22);
	INSERT INTO BB_PLAYER_TECHS(GAME_ID, PLAYER_ID, TECH_ID, LEARNED) VALUES (v_game_id, 33, 17, TRUE);
    INSERT INTO BB_PLAYER_TECHS(GAME_ID, PLAYER_ID, TECH_ID, LEARNED) VALUES (v_game_id, 33, 14, FALSE);
    INSERT INTO BB_PLAYER_TECHS(GAME_ID, PLAYER_ID, TECH_ID, LEARNED) VALUES (v_game_id, 33, 20, FALSE);
    INSERT INTO BB_PLAYER_TECHS(GAME_ID, PLAYER_ID, TECH_ID, LEARNED) VALUES (v_game_id, 33, 23, FALSE);
    INSERT INTO BB_PLAYER_TECHS(GAME_ID, PLAYER_ID, TECH_ID, LEARNED) VALUES (v_game_id, 33, 26, FALSE);
    INSERT INTO BB_PLAYER_TECHS(GAME_ID, PLAYER_ID, TECH_ID, LEARNED) VALUES (v_game_id, 33, 32, TRUE);
    INSERT INTO BB_PLAYER_TECHS(GAME_ID, PLAYER_ID, TECH_ID, LEARNED) VALUES (v_game_id, 33, 44, FALSE);
    INSERT INTO BB_PLAYER_TECHS(GAME_ID, PLAYER_ID, TECH_ID, LEARNED) VALUES (v_game_id, 33, 8, FALSE);
    INSERT INTO BB_PLAYERS(PLAYER_ID, GAME_ID, NAME, MODEL, LEVEL, EXP,CURR_TEAM, SALARY, CONTRACT_LENGTH, KEYTECH1, KEYTECH2, KEYTECH3) VALUES(34, v_game_id, 'Balgerda', 'stormtrooper/stormtrooper.dae', 1, 0, v_opp5, 470, 19, 3, 4, 5);
    INSERT INTO BB_PLAYER_TECHS(GAME_ID, PLAYER_ID, TECH_ID, LEARNED) VALUES (v_game_id, 34, 14, TRUE);
    INSERT INTO BB_PLAYER_TECHS(GAME_ID, PLAYER_ID, TECH_ID, LEARNED) VALUES (v_game_id, 34, 20, FALSE);
    INSERT INTO BB_PLAYER_TECHS(GAME_ID, PLAYER_ID, TECH_ID, LEARNED) VALUES (v_game_id, 34, 26, TRUE);
    INSERT INTO BB_PLAYER_TECHS(GAME_ID, PLAYER_ID, TECH_ID, LEARNED) VALUES (v_game_id, 34, 29, FALSE);
    INSERT INTO BB_PLAYER_TECHS(GAME_ID, PLAYER_ID, TECH_ID, LEARNED) VALUES (v_game_id, 34, 32, FALSE);
    INSERT INTO BB_PLAYER_TECHS(GAME_ID, PLAYER_ID, TECH_ID, LEARNED) VALUES (v_game_id, 34, 35, FALSE);
    INSERT INTO BB_PLAYER_TECHS(GAME_ID, PLAYER_ID, TECH_ID, LEARNED) VALUES (v_game_id, 34, 40, FALSE);
    INSERT INTO BB_PLAYER_TECHS(GAME_ID, PLAYER_ID, TECH_ID, LEARNED) VALUES (v_game_id, 34, 42, FALSE);
    INSERT INTO BB_PLAYERS(PLAYER_ID, GAME_ID, NAME, MODEL, LEVEL, EXP, CURR_TEAM, SALARY, CONTRACT_LENGTH, KEYTECH1, KEYTECH2, KEYTECH3) VALUES(35, v_game_id, 'Doram', 'stormtrooper/stormtrooper.dae', 1, 0, v_opp5, 470, 18, 3, 4, 5);
    INSERT INTO BB_PLAYER_TECHS(GAME_ID, PLAYER_ID, TECH_ID, LEARNED) VALUES (v_game_id, 35, 14, FALSE);
    INSERT INTO BB_PLAYER_TECHS(GAME_ID, PLAYER_ID, TECH_ID, LEARNED) VALUES (v_game_id, 35, 20, TRUE);
    INSERT INTO BB_PLAYER_TECHS(GAME_ID, PLAYER_ID, TECH_ID, LEARNED) VALUES (v_game_id, 35, 26, TRUE);
    INSERT INTO BB_PLAYER_TECHS(GAME_ID, PLAYER_ID, TECH_ID, LEARNED) VALUES (v_game_id, 35, 29, FALSE);
    INSERT INTO BB_PLAYER_TECHS(GAME_ID, PLAYER_ID, TECH_ID, LEARNED) VALUES (v_game_id, 35, 32, FALSE);
    INSERT INTO BB_PLAYER_TECHS(GAME_ID, PLAYER_ID, TECH_ID, LEARNED) VALUES (v_game_id, 35, 35, TRUE);
    INSERT INTO BB_PLAYER_TECHS(GAME_ID, PLAYER_ID, TECH_ID, LEARNED) VALUES (v_game_id, 35, 40, FALSE);
    INSERT INTO BB_PLAYER_TECHS(GAME_ID, PLAYER_ID, TECH_ID, LEARNED) VALUES (v_game_id, 35, 44, FALSE);
    INSERT INTO BB_PLAYERS(PLAYER_ID, GAME_ID, NAME, MODEL, LEVEL, EXP, CURR_TEAM, SALARY, CONTRACT_LENGTH, KEYTECH1, KEYTECH2, KEYTECH3) VALUES(36, v_game_id, 'Raudy', 'stormtrooper/stormtrooper.dae', 1, 0, v_opp5, 470, 22, 3, 4, 5);
    INSERT INTO BB_PLAYER_TECHS(GAME_ID, PLAYER_ID, TECH_ID, LEARNED) VALUES (v_game_id, 36, 17, FALSE);
    INSERT INTO BB_PLAYER_TECHS(GAME_ID, PLAYER_ID, TECH_ID, LEARNED) VALUES (v_game_id, 36, 11, TRUE);
    INSERT INTO BB_PLAYER_TECHS(GAME_ID, PLAYER_ID, TECH_ID, LEARNED) VALUES (v_game_id, 36, 23, FALSE);
    INSERT INTO BB_PLAYER_TECHS(GAME_ID, PLAYER_ID, TECH_ID, LEARNED) VALUES (v_game_id, 36, 26, FALSE);
    INSERT INTO BB_PLAYER_TECHS(GAME_ID, PLAYER_ID, TECH_ID, LEARNED) VALUES (v_game_id, 36, 40, FALSE);
    INSERT INTO BB_PLAYER_TECHS(GAME_ID, PLAYER_ID, TECH_ID, LEARNED) VALUES (v_game_id, 36, 49, FALSE);
    
    INSERT INTO BB_TEAM(GAME_ID, TEAM_NAME, LWING, RWING, MID, LBACK, RBACK, KEEPER) VALUES(v_game_id, 'Mandalore Vanquishers', 37, 38, 39, 40, 41, 42);
	SELECT LAST_INSERT_ID() INTO v_opp6;
    INSERT INTO BB_PLAYERS(PLAYER_ID, GAME_ID, NAME, MODEL, LEVEL, EXP, CURR_TEAM, SALARY, CONTRACT_LENGTH, KEYTECH1, KEYTECH2, KEYTECH3) VALUES(37, v_game_id, 'Rhutaik', 'stormtrooper/stormtrooper.dae', 1, 0, v_opp6, 43, 10, 12, 30, 38);
    INSERT INTO BB_PLAYER_TECHS(GAME_ID, PLAYER_ID, TECH_ID, LEARNED) VALUES (v_game_id, 37, 3, TRUE);
    INSERT INTO BB_PLAYER_TECHS(GAME_ID, PLAYER_ID, TECH_ID, LEARNED) VALUES (v_game_id, 37, 5, FALSE);
    INSERT INTO BB_PLAYER_TECHS(GAME_ID, PLAYER_ID, TECH_ID, LEARNED) VALUES (v_game_id, 37, 8, FALSE);
    INSERT INTO BB_PLAYER_TECHS(GAME_ID, PLAYER_ID, TECH_ID, LEARNED) VALUES (v_game_id, 37, 11, FALSE);
    INSERT INTO BB_PLAYER_TECHS(GAME_ID, PLAYER_ID, TECH_ID, LEARNED) VALUES (v_game_id, 37, 14, FALSE);
    INSERT INTO BB_PLAYER_TECHS(GAME_ID, PLAYER_ID, TECH_ID, LEARNED) VALUES (v_game_id, 37, 35, FALSE);
    INSERT INTO BB_PLAYER_TECHS(GAME_ID, PLAYER_ID, TECH_ID, LEARNED) VALUES (v_game_id, 37, 40, FALSE);
    INSERT INTO BB_PLAYER_TECHS(GAME_ID, PLAYER_ID, TECH_ID, LEARNED) VALUES (v_game_id, 37, 44, FALSE);
    INSERT INTO BB_PLAYERS(PLAYER_ID, GAME_ID, NAME, MODEL, LEVEL, EXP, CURR_TEAM, SALARY, CONTRACT_LENGTH, KEYTECH1, KEYTECH2, KEYTECH3) VALUES(38, v_game_id, 'Nex', 'stormtrooper/stormtrooper.dae', 1, 0, v_opp6, 43, 10, 12, 30, 38);
    INSERT INTO BB_PLAYER_TECHS(GAME_ID, PLAYER_ID, TECH_ID, LEARNED) VALUES (v_game_id, 38, 5, TRUE);
    INSERT INTO BB_PLAYER_TECHS(GAME_ID, PLAYER_ID, TECH_ID, LEARNED) VALUES (v_game_id, 38, 23, TRUE);
    INSERT INTO BB_PLAYER_TECHS(GAME_ID, PLAYER_ID, TECH_ID, LEARNED) VALUES (v_game_id, 38, 17, FALSE);
    INSERT INTO BB_PLAYER_TECHS(GAME_ID, PLAYER_ID, TECH_ID, LEARNED) VALUES (v_game_id, 38, 20, FALSE);
    INSERT INTO BB_PLAYER_TECHS(GAME_ID, PLAYER_ID, TECH_ID, LEARNED) VALUES (v_game_id, 38, 40, FALSE);
    INSERT INTO BB_PLAYER_TECHS(GAME_ID, PLAYER_ID, TECH_ID, LEARNED) VALUES (v_game_id, 38, 46, TRUE);
    INSERT INTO BB_PLAYER_TECHS(GAME_ID, PLAYER_ID, TECH_ID, LEARNED) VALUES (v_game_id, 38, 48, FALSE);
    INSERT INTO BB_PLAYERS(PLAYER_ID, GAME_ID, NAME, MODEL, LEVEL, EXP, CURR_TEAM, SALARY, CONTRACT_LENGTH, KEYTECH1, KEYTECH2, KEYTECH3) VALUES(39, v_game_id, 'Boba', 'stormtrooper/stormtrooper.dae', 1, 0, v_opp6, 470, 10, 3, 4, 5);
	INSERT INTO BB_PLAYER_TECHS(GAME_ID, PLAYER_ID, TECH_ID, LEARNED) VALUES (v_game_id, 39, 17, TRUE);
    INSERT INTO BB_PLAYER_TECHS(GAME_ID, PLAYER_ID, TECH_ID, LEARNED) VALUES (v_game_id, 39, 14, FALSE);
    INSERT INTO BB_PLAYER_TECHS(GAME_ID, PLAYER_ID, TECH_ID, LEARNED) VALUES (v_game_id, 39, 20, FALSE);
    INSERT INTO BB_PLAYER_TECHS(GAME_ID, PLAYER_ID, TECH_ID, LEARNED) VALUES (v_game_id, 39, 23, FALSE);
    INSERT INTO BB_PLAYER_TECHS(GAME_ID, PLAYER_ID, TECH_ID, LEARNED) VALUES (v_game_id, 39, 26, FALSE);
    INSERT INTO BB_PLAYER_TECHS(GAME_ID, PLAYER_ID, TECH_ID, LEARNED) VALUES (v_game_id, 39, 32, TRUE);
    INSERT INTO BB_PLAYER_TECHS(GAME_ID, PLAYER_ID, TECH_ID, LEARNED) VALUES (v_game_id, 39, 44, FALSE);
    INSERT INTO BB_PLAYER_TECHS(GAME_ID, PLAYER_ID, TECH_ID, LEARNED) VALUES (v_game_id, 39, 8, FALSE);
    INSERT INTO BB_PLAYERS(PLAYER_ID, GAME_ID, NAME, MODEL, LEVEL, EXP, CURR_TEAM, SALARY, CONTRACT_LENGTH, KEYTECH1, KEYTECH2, KEYTECH3) VALUES(40, v_game_id, 'Canderous', 'stormtrooper/stormtrooper.dae', 1, 0, v_opp6, 470, 19, 3, 4, 5);
    INSERT INTO BB_PLAYER_TECHS(GAME_ID, PLAYER_ID, TECH_ID, LEARNED) VALUES (v_game_id, 40, 14, TRUE);
    INSERT INTO BB_PLAYER_TECHS(GAME_ID, PLAYER_ID, TECH_ID, LEARNED) VALUES (v_game_id, 40, 20, FALSE);
    INSERT INTO BB_PLAYER_TECHS(GAME_ID, PLAYER_ID, TECH_ID, LEARNED) VALUES (v_game_id, 40, 26, TRUE);
    INSERT INTO BB_PLAYER_TECHS(GAME_ID, PLAYER_ID, TECH_ID, LEARNED) VALUES (v_game_id, 40, 29, FALSE);
    INSERT INTO BB_PLAYER_TECHS(GAME_ID, PLAYER_ID, TECH_ID, LEARNED) VALUES (v_game_id, 40, 32, FALSE);
    INSERT INTO BB_PLAYER_TECHS(GAME_ID, PLAYER_ID, TECH_ID, LEARNED) VALUES (v_game_id, 40, 35, FALSE);
    INSERT INTO BB_PLAYER_TECHS(GAME_ID, PLAYER_ID, TECH_ID, LEARNED) VALUES (v_game_id, 40, 40, FALSE);
    INSERT INTO BB_PLAYER_TECHS(GAME_ID, PLAYER_ID, TECH_ID, LEARNED) VALUES (v_game_id, 40, 42, FALSE);
    INSERT INTO BB_PLAYERS(PLAYER_ID, GAME_ID, NAME, MODEL, LEVEL, EXP, CURR_TEAM, SALARY, CONTRACT_LENGTH, KEYTECH1, KEYTECH2, KEYTECH3) VALUES(41, v_game_id, 'Maejan', 'stormtrooper/stormtrooper.dae', 1, 0, v_opp6, 470, 18, 3, 4, 5);
    INSERT INTO BB_PLAYER_TECHS(GAME_ID, PLAYER_ID, TECH_ID, LEARNED) VALUES (v_game_id, 41, 14, FALSE);
    INSERT INTO BB_PLAYER_TECHS(GAME_ID, PLAYER_ID, TECH_ID, LEARNED) VALUES (v_game_id, 41, 20, TRUE);
    INSERT INTO BB_PLAYER_TECHS(GAME_ID, PLAYER_ID, TECH_ID, LEARNED) VALUES (v_game_id, 41, 26, TRUE);
    INSERT INTO BB_PLAYER_TECHS(GAME_ID, PLAYER_ID, TECH_ID, LEARNED) VALUES (v_game_id, 41, 29, FALSE);
    INSERT INTO BB_PLAYER_TECHS(GAME_ID, PLAYER_ID, TECH_ID, LEARNED) VALUES (v_game_id, 41, 32, FALSE);
    INSERT INTO BB_PLAYER_TECHS(GAME_ID, PLAYER_ID, TECH_ID, LEARNED) VALUES (v_game_id, 41, 35, TRUE);
    INSERT INTO BB_PLAYER_TECHS(GAME_ID, PLAYER_ID, TECH_ID, LEARNED) VALUES (v_game_id, 41, 40, FALSE);
    INSERT INTO BB_PLAYER_TECHS(GAME_ID, PLAYER_ID, TECH_ID, LEARNED) VALUES (v_game_id, 41, 44, FALSE);
    INSERT INTO BB_PLAYERS(PLAYER_ID, GAME_ID, NAME, MODEL, LEVEL, EXP, CURR_TEAM, SALARY, CONTRACT_LENGTH, KEYTECH1, KEYTECH2, KEYTECH3) VALUES(42, v_game_id, 'Thruumes', 'stormtrooper/stormtrooper.dae', 1, 0, v_opp6, 470, 22, 3, 4, 5);
    INSERT INTO BB_PLAYER_TECHS(GAME_ID, PLAYER_ID, TECH_ID, LEARNED) VALUES (v_game_id, 42, 17, FALSE);
    INSERT INTO BB_PLAYER_TECHS(GAME_ID, PLAYER_ID, TECH_ID, LEARNED) VALUES (v_game_id, 42, 11, TRUE);
    INSERT INTO BB_PLAYER_TECHS(GAME_ID, PLAYER_ID, TECH_ID, LEARNED) VALUES (v_game_id, 42, 23, FALSE);
    INSERT INTO BB_PLAYER_TECHS(GAME_ID, PLAYER_ID, TECH_ID, LEARNED) VALUES (v_game_id, 42, 26, FALSE);
    INSERT INTO BB_PLAYER_TECHS(GAME_ID, PLAYER_ID, TECH_ID, LEARNED) VALUES (v_game_id, 42, 40, FALSE);
    INSERT INTO BB_PLAYER_TECHS(GAME_ID, PLAYER_ID, TECH_ID, LEARNED) VALUES (v_game_id, 42, 49, FALSE);
    
    INSERT INTO BB_TEAM(GAME_ID, TEAM_NAME, LWING, RWING, MID, LBACK, RBACK, KEEPER) VALUES(v_game_id, 'Taris Desperados', 43, 44, 45, 46, 47, 48);
	SELECT LAST_INSERT_ID() INTO v_opp7;
    INSERT INTO BB_PLAYERS(PLAYER_ID, GAME_ID, NAME, MODEL, LEVEL, EXP, CURR_TEAM, SALARY, CONTRACT_LENGTH, KEYTECH1, KEYTECH2, KEYTECH3) VALUES(43, v_game_id, 'Bickson', 'stormtrooper/stormtrooper.dae', 1, 0, v_opp7, 43, 10, 12, 30, 38);
    INSERT INTO BB_PLAYER_TECHS(GAME_ID, PLAYER_ID, TECH_ID, LEARNED) VALUES (v_game_id, 43, 3, TRUE);
    INSERT INTO BB_PLAYER_TECHS(GAME_ID, PLAYER_ID, TECH_ID, LEARNED) VALUES (v_game_id, 43, 5, FALSE);
    INSERT INTO BB_PLAYER_TECHS(GAME_ID, PLAYER_ID, TECH_ID, LEARNED) VALUES (v_game_id, 43, 8, FALSE);
    INSERT INTO BB_PLAYER_TECHS(GAME_ID, PLAYER_ID, TECH_ID, LEARNED) VALUES (v_game_id, 43, 11, FALSE);
    INSERT INTO BB_PLAYER_TECHS(GAME_ID, PLAYER_ID, TECH_ID, LEARNED) VALUES (v_game_id, 43, 14, FALSE);
    INSERT INTO BB_PLAYER_TECHS(GAME_ID, PLAYER_ID, TECH_ID, LEARNED) VALUES (v_game_id, 43, 35, FALSE);
    INSERT INTO BB_PLAYER_TECHS(GAME_ID, PLAYER_ID, TECH_ID, LEARNED) VALUES (v_game_id, 43, 40, FALSE);
    INSERT INTO BB_PLAYER_TECHS(GAME_ID, PLAYER_ID, TECH_ID, LEARNED) VALUES (v_game_id, 43, 44, FALSE);
    INSERT INTO BB_PLAYERS(PLAYER_ID, GAME_ID, NAME, MODEL, LEVEL, EXP, CURR_TEAM, SALARY, CONTRACT_LENGTH, KEYTECH1, KEYTECH2, KEYTECH3) VALUES(44, v_game_id, 'Abus', 'stormtrooper/stormtrooper.dae', 1, 0, v_opp7, 43, 10, 12, 30, 38);
    INSERT INTO BB_PLAYER_TECHS(GAME_ID, PLAYER_ID, TECH_ID, LEARNED) VALUES (v_game_id, 44, 5, TRUE);
    INSERT INTO BB_PLAYER_TECHS(GAME_ID, PLAYER_ID, TECH_ID, LEARNED) VALUES (v_game_id, 44, 23, TRUE);
    INSERT INTO BB_PLAYER_TECHS(GAME_ID, PLAYER_ID, TECH_ID, LEARNED) VALUES (v_game_id, 44, 17, FALSE);
    INSERT INTO BB_PLAYER_TECHS(GAME_ID, PLAYER_ID, TECH_ID, LEARNED) VALUES (v_game_id, 44, 20, FALSE);
    INSERT INTO BB_PLAYER_TECHS(GAME_ID, PLAYER_ID, TECH_ID, LEARNED) VALUES (v_game_id, 44, 40, FALSE);
    INSERT INTO BB_PLAYER_TECHS(GAME_ID, PLAYER_ID, TECH_ID, LEARNED) VALUES (v_game_id, 44, 46, TRUE);
    INSERT INTO BB_PLAYER_TECHS(GAME_ID, PLAYER_ID, TECH_ID, LEARNED) VALUES (v_game_id, 44, 48, FALSE);
    INSERT INTO BB_PLAYERS(PLAYER_ID, GAME_ID, NAME, MODEL, LEVEL, EXP, CURR_TEAM, SALARY, CONTRACT_LENGTH, KEYTECH1, KEYTECH2, KEYTECH3) VALUES(45, v_game_id, 'Bastila', 'stormtrooper/stormtrooper.dae', 1, 0, v_opp7, 470, 10, 3, 4, 5);
	INSERT INTO BB_PLAYER_TECHS(GAME_ID, PLAYER_ID, TECH_ID, LEARNED) VALUES (v_game_id, 45, 17, TRUE);
    INSERT INTO BB_PLAYER_TECHS(GAME_ID, PLAYER_ID, TECH_ID, LEARNED) VALUES (v_game_id, 45, 14, FALSE);
    INSERT INTO BB_PLAYER_TECHS(GAME_ID, PLAYER_ID, TECH_ID, LEARNED) VALUES (v_game_id, 45, 20, FALSE);
    INSERT INTO BB_PLAYER_TECHS(GAME_ID, PLAYER_ID, TECH_ID, LEARNED) VALUES (v_game_id, 45, 23, FALSE);
    INSERT INTO BB_PLAYER_TECHS(GAME_ID, PLAYER_ID, TECH_ID, LEARNED) VALUES (v_game_id, 45, 26, FALSE);
    INSERT INTO BB_PLAYER_TECHS(GAME_ID, PLAYER_ID, TECH_ID, LEARNED) VALUES (v_game_id, 45, 32, TRUE);
    INSERT INTO BB_PLAYER_TECHS(GAME_ID, PLAYER_ID, TECH_ID, LEARNED) VALUES (v_game_id, 45, 44, FALSE);
    INSERT INTO BB_PLAYER_TECHS(GAME_ID, PLAYER_ID, TECH_ID, LEARNED) VALUES (v_game_id, 45, 8, FALSE);
    INSERT INTO BB_PLAYERS(PLAYER_ID, GAME_ID, NAME, MODEL, LEVEL, EXP, CURR_TEAM, SALARY, CONTRACT_LENGTH, KEYTECH1, KEYTECH2, KEYTECH3) VALUES(46, v_game_id, 'Balgerda', 'stormtrooper/stormtrooper.dae', 1, 0, v_opp7, 470, 19, 3, 4, 5);
    INSERT INTO BB_PLAYER_TECHS(GAME_ID, PLAYER_ID, TECH_ID, LEARNED) VALUES (v_game_id, 46, 14, TRUE);
    INSERT INTO BB_PLAYER_TECHS(GAME_ID, PLAYER_ID, TECH_ID, LEARNED) VALUES (v_game_id, 46, 20, FALSE);
    INSERT INTO BB_PLAYER_TECHS(GAME_ID, PLAYER_ID, TECH_ID, LEARNED) VALUES (v_game_id, 46, 26, TRUE);
    INSERT INTO BB_PLAYER_TECHS(GAME_ID, PLAYER_ID, TECH_ID, LEARNED) VALUES (v_game_id, 46, 29, FALSE);
    INSERT INTO BB_PLAYER_TECHS(GAME_ID, PLAYER_ID, TECH_ID, LEARNED) VALUES (v_game_id, 46, 32, FALSE);
    INSERT INTO BB_PLAYER_TECHS(GAME_ID, PLAYER_ID, TECH_ID, LEARNED) VALUES (v_game_id, 46, 35, FALSE);
    INSERT INTO BB_PLAYER_TECHS(GAME_ID, PLAYER_ID, TECH_ID, LEARNED) VALUES (v_game_id, 46, 40, FALSE);
    INSERT INTO BB_PLAYER_TECHS(GAME_ID, PLAYER_ID, TECH_ID, LEARNED) VALUES (v_game_id, 46, 42, FALSE);
    INSERT INTO BB_PLAYERS(PLAYER_ID, GAME_ID, NAME, MODEL, LEVEL, EXP, CURR_TEAM, SALARY, CONTRACT_LENGTH, KEYTECH1, KEYTECH2, KEYTECH3) VALUES(47, v_game_id, 'Mission', 'stormtrooper/stormtrooper.dae', 1, 0, v_opp7, 470, 18, 3, 4, 5);
    INSERT INTO BB_PLAYER_TECHS(GAME_ID, PLAYER_ID, TECH_ID, LEARNED) VALUES (v_game_id, 47, 14, FALSE);
    INSERT INTO BB_PLAYER_TECHS(GAME_ID, PLAYER_ID, TECH_ID, LEARNED) VALUES (v_game_id, 47, 20, TRUE);
    INSERT INTO BB_PLAYER_TECHS(GAME_ID, PLAYER_ID, TECH_ID, LEARNED) VALUES (v_game_id, 47, 26, TRUE);
    INSERT INTO BB_PLAYER_TECHS(GAME_ID, PLAYER_ID, TECH_ID, LEARNED) VALUES (v_game_id, 47, 29, FALSE);
    INSERT INTO BB_PLAYER_TECHS(GAME_ID, PLAYER_ID, TECH_ID, LEARNED) VALUES (v_game_id, 47, 32, FALSE);
    INSERT INTO BB_PLAYER_TECHS(GAME_ID, PLAYER_ID, TECH_ID, LEARNED) VALUES (v_game_id, 47, 35, TRUE);
    INSERT INTO BB_PLAYER_TECHS(GAME_ID, PLAYER_ID, TECH_ID, LEARNED) VALUES (v_game_id, 47, 40, FALSE);
    INSERT INTO BB_PLAYER_TECHS(GAME_ID, PLAYER_ID, TECH_ID, LEARNED) VALUES (v_game_id, 47, 44, FALSE);
    INSERT INTO BB_PLAYERS(PLAYER_ID, GAME_ID, NAME, MODEL, LEVEL, EXP, CURR_TEAM, SALARY, CONTRACT_LENGTH, KEYTECH1, KEYTECH2, KEYTECH3) VALUES(48, v_game_id, 'Raudy', 'stormtrooper/stormtrooper.dae', 1, 0, v_opp7, 470, 22, 3, 4, 5);
    INSERT INTO BB_PLAYER_TECHS(GAME_ID, PLAYER_ID, TECH_ID, LEARNED) VALUES (v_game_id, 48, 17, FALSE);
    INSERT INTO BB_PLAYER_TECHS(GAME_ID, PLAYER_ID, TECH_ID, LEARNED) VALUES (v_game_id, 48, 11, TRUE);
    INSERT INTO BB_PLAYER_TECHS(GAME_ID, PLAYER_ID, TECH_ID, LEARNED) VALUES (v_game_id, 48, 23, FALSE);
    INSERT INTO BB_PLAYER_TECHS(GAME_ID, PLAYER_ID, TECH_ID, LEARNED) VALUES (v_game_id, 48, 26, FALSE);
    INSERT INTO BB_PLAYER_TECHS(GAME_ID, PLAYER_ID, TECH_ID, LEARNED) VALUES (v_game_id, 48, 40, FALSE);
    INSERT INTO BB_PLAYER_TECHS(GAME_ID, PLAYER_ID, TECH_ID, LEARNED) VALUES (v_game_id, 48, 49, FALSE);
    
    
    INSERT INTO BB_PLAYERS(PLAYER_ID, GAME_ID, NAME, MODEL, LEVEL, EXP, CURR_TEAM, SALARY, CONTRACT_LENGTH, KEYTECH1, KEYTECH2, KEYTECH3) VALUES(49, v_game_id, 'Bickson', 'stormtrooper/stormtrooper.dae', 1, 0, 0, 43, 0, 12, 30, 38);
    INSERT INTO BB_PLAYER_TECHS(GAME_ID, PLAYER_ID, TECH_ID, LEARNED) VALUES (v_game_id, 49, 3, TRUE);
    INSERT INTO BB_PLAYER_TECHS(GAME_ID, PLAYER_ID, TECH_ID, LEARNED) VALUES (v_game_id, 49, 5, FALSE);
    INSERT INTO BB_PLAYER_TECHS(GAME_ID, PLAYER_ID, TECH_ID, LEARNED) VALUES (v_game_id, 49, 8, FALSE);
    INSERT INTO BB_PLAYER_TECHS(GAME_ID, PLAYER_ID, TECH_ID, LEARNED) VALUES (v_game_id, 49, 11, FALSE);
    INSERT INTO BB_PLAYER_TECHS(GAME_ID, PLAYER_ID, TECH_ID, LEARNED) VALUES (v_game_id, 49, 14, FALSE);
    INSERT INTO BB_PLAYER_TECHS(GAME_ID, PLAYER_ID, TECH_ID, LEARNED) VALUES (v_game_id, 49, 35, FALSE);
    INSERT INTO BB_PLAYER_TECHS(GAME_ID, PLAYER_ID, TECH_ID, LEARNED) VALUES (v_game_id, 49, 40, FALSE);
    INSERT INTO BB_PLAYER_TECHS(GAME_ID, PLAYER_ID, TECH_ID, LEARNED) VALUES (v_game_id, 49, 44, FALSE);
    INSERT INTO BB_PLAYERS(PLAYER_ID, GAME_ID, NAME, MODEL, LEVEL, EXP, CURR_TEAM, SALARY, CONTRACT_LENGTH, KEYTECH1, KEYTECH2, KEYTECH3) VALUES(50, v_game_id, 'Abus', 'stormtrooper/stormtrooper.dae', 1, 0, 0, 43, 0, 12, 30, 38);
    INSERT INTO BB_PLAYER_TECHS(GAME_ID, PLAYER_ID, TECH_ID, LEARNED) VALUES (v_game_id, 50, 5, TRUE);
    INSERT INTO BB_PLAYER_TECHS(GAME_ID, PLAYER_ID, TECH_ID, LEARNED) VALUES (v_game_id, 50, 23, TRUE);
    INSERT INTO BB_PLAYER_TECHS(GAME_ID, PLAYER_ID, TECH_ID, LEARNED) VALUES (v_game_id, 50, 17, FALSE);
    INSERT INTO BB_PLAYER_TECHS(GAME_ID, PLAYER_ID, TECH_ID, LEARNED) VALUES (v_game_id, 50, 20, FALSE);
    INSERT INTO BB_PLAYER_TECHS(GAME_ID, PLAYER_ID, TECH_ID, LEARNED) VALUES (v_game_id, 50, 40, FALSE);
    INSERT INTO BB_PLAYER_TECHS(GAME_ID, PLAYER_ID, TECH_ID, LEARNED) VALUES (v_game_id, 50, 46, TRUE);
    INSERT INTO BB_PLAYER_TECHS(GAME_ID, PLAYER_ID, TECH_ID, LEARNED) VALUES (v_game_id, 50, 48, FALSE);
    INSERT INTO BB_PLAYERS(PLAYER_ID, GAME_ID, NAME, MODEL, LEVEL, EXP, CURR_TEAM, SALARY, CONTRACT_LENGTH, KEYTECH1, KEYTECH2, KEYTECH3) VALUES(51, v_game_id, 'Graav', 'stormtrooper/stormtrooper.dae', 1, 0, 0, 43, 0, 12, 30, 38);
	INSERT INTO BB_PLAYER_TECHS(GAME_ID, PLAYER_ID, TECH_ID, LEARNED) VALUES (v_game_id, 51, 17, TRUE);
    INSERT INTO BB_PLAYER_TECHS(GAME_ID, PLAYER_ID, TECH_ID, LEARNED) VALUES (v_game_id, 51, 14, FALSE);
    INSERT INTO BB_PLAYER_TECHS(GAME_ID, PLAYER_ID, TECH_ID, LEARNED) VALUES (v_game_id, 51, 20, FALSE);
    INSERT INTO BB_PLAYER_TECHS(GAME_ID, PLAYER_ID, TECH_ID, LEARNED) VALUES (v_game_id, 51, 23, FALSE);
    INSERT INTO BB_PLAYER_TECHS(GAME_ID, PLAYER_ID, TECH_ID, LEARNED) VALUES (v_game_id, 51, 26, FALSE);
    INSERT INTO BB_PLAYER_TECHS(GAME_ID, PLAYER_ID, TECH_ID, LEARNED) VALUES (v_game_id, 51, 32, TRUE);
    INSERT INTO BB_PLAYER_TECHS(GAME_ID, PLAYER_ID, TECH_ID, LEARNED) VALUES (v_game_id, 51, 44, FALSE);
    INSERT INTO BB_PLAYER_TECHS(GAME_ID, PLAYER_ID, TECH_ID, LEARNED) VALUES (v_game_id, 51, 8, FALSE);
    INSERT INTO BB_PLAYERS(PLAYER_ID, GAME_ID, NAME, MODEL, LEVEL, EXP, CURR_TEAM, SALARY, CONTRACT_LENGTH, KEYTECH1, KEYTECH2, KEYTECH3) VALUES(52, v_game_id, 'Balgerda', 'stormtrooper/stormtrooper.dae', 1, 0, 0, 43, 0, 12, 30, 38);
    INSERT INTO BB_PLAYER_TECHS(GAME_ID, PLAYER_ID, TECH_ID, LEARNED) VALUES (v_game_id, 52, 14, TRUE);
    INSERT INTO BB_PLAYER_TECHS(GAME_ID, PLAYER_ID, TECH_ID, LEARNED) VALUES (v_game_id, 52, 20, FALSE);
    INSERT INTO BB_PLAYER_TECHS(GAME_ID, PLAYER_ID, TECH_ID, LEARNED) VALUES (v_game_id, 52, 26, TRUE);
    INSERT INTO BB_PLAYER_TECHS(GAME_ID, PLAYER_ID, TECH_ID, LEARNED) VALUES (v_game_id, 52, 29, FALSE);
    INSERT INTO BB_PLAYER_TECHS(GAME_ID, PLAYER_ID, TECH_ID, LEARNED) VALUES (v_game_id, 52, 32, FALSE);
    INSERT INTO BB_PLAYER_TECHS(GAME_ID, PLAYER_ID, TECH_ID, LEARNED) VALUES (v_game_id, 52, 35, FALSE);
    INSERT INTO BB_PLAYER_TECHS(GAME_ID, PLAYER_ID, TECH_ID, LEARNED) VALUES (v_game_id, 52, 40, FALSE);
    INSERT INTO BB_PLAYER_TECHS(GAME_ID, PLAYER_ID, TECH_ID, LEARNED) VALUES (v_game_id, 52, 42, FALSE);
    INSERT INTO BB_PLAYERS(PLAYER_ID, GAME_ID, NAME, MODEL, LEVEL, EXP, CURR_TEAM, SALARY, CONTRACT_LENGTH, KEYTECH1, KEYTECH2, KEYTECH3) VALUES(53, v_game_id, 'Doram', 'stormtrooper/stormtrooper.dae', 1, 0, 0, 47, 0, 44, 24, 22);
    INSERT INTO BB_PLAYER_TECHS(GAME_ID, PLAYER_ID, TECH_ID, LEARNED) VALUES (v_game_id, 53, 14, FALSE);
    INSERT INTO BB_PLAYER_TECHS(GAME_ID, PLAYER_ID, TECH_ID, LEARNED) VALUES (v_game_id, 53, 20, TRUE);
    INSERT INTO BB_PLAYER_TECHS(GAME_ID, PLAYER_ID, TECH_ID, LEARNED) VALUES (v_game_id, 53, 26, TRUE);
    INSERT INTO BB_PLAYER_TECHS(GAME_ID, PLAYER_ID, TECH_ID, LEARNED) VALUES (v_game_id, 53, 29, FALSE);
    INSERT INTO BB_PLAYER_TECHS(GAME_ID, PLAYER_ID, TECH_ID, LEARNED) VALUES (v_game_id, 53, 32, FALSE);
    INSERT INTO BB_PLAYER_TECHS(GAME_ID, PLAYER_ID, TECH_ID, LEARNED) VALUES (v_game_id, 53, 35, TRUE);
    INSERT INTO BB_PLAYER_TECHS(GAME_ID, PLAYER_ID, TECH_ID, LEARNED) VALUES (v_game_id, 53, 40, FALSE);
    INSERT INTO BB_PLAYER_TECHS(GAME_ID, PLAYER_ID, TECH_ID, LEARNED) VALUES (v_game_id, 53, 44, FALSE);
    INSERT INTO BB_PLAYERS(PLAYER_ID, GAME_ID, NAME, MODEL, LEVEL, EXP, CURR_TEAM, SALARY, CONTRACT_LENGTH, KEYTECH1, KEYTECH2, KEYTECH3) VALUES(54, v_game_id, 'Raudy', 'stormtrooper/stormtrooper.dae', 1, 0, 0, 47, 0, 44, 24, 22);
    INSERT INTO BB_PLAYER_TECHS(GAME_ID, PLAYER_ID, TECH_ID, LEARNED) VALUES (v_game_id, 54, 17, FALSE);
    INSERT INTO BB_PLAYER_TECHS(GAME_ID, PLAYER_ID, TECH_ID, LEARNED) VALUES (v_game_id, 54, 11, TRUE);
    INSERT INTO BB_PLAYER_TECHS(GAME_ID, PLAYER_ID, TECH_ID, LEARNED) VALUES (v_game_id, 54, 23, FALSE);
    INSERT INTO BB_PLAYER_TECHS(GAME_ID, PLAYER_ID, TECH_ID, LEARNED) VALUES (v_game_id, 54, 26, FALSE);
    INSERT INTO BB_PLAYER_TECHS(GAME_ID, PLAYER_ID, TECH_ID, LEARNED) VALUES (v_game_id, 54, 40, FALSE);
    INSERT INTO BB_PLAYER_TECHS(GAME_ID, PLAYER_ID, TECH_ID, LEARNED) VALUES (v_game_id, 54, 49, FALSE);
    INSERT INTO BB_PLAYERS(PLAYER_ID, GAME_ID, NAME, MODEL, LEVEL, EXP, CURR_TEAM, SALARY, CONTRACT_LENGTH, KEYTECH1, KEYTECH2, KEYTECH3) VALUES(55, v_game_id, 'Bickson', 'stormtrooper/stormtrooper.dae', 1, 0, 0, 500, 0, 3, 4, 5);
    INSERT INTO BB_PLAYER_TECHS(GAME_ID, PLAYER_ID, TECH_ID, LEARNED) VALUES (v_game_id, 55, 3, TRUE);
    INSERT INTO BB_PLAYER_TECHS(GAME_ID, PLAYER_ID, TECH_ID, LEARNED) VALUES (v_game_id, 55, 5, FALSE);
    INSERT INTO BB_PLAYER_TECHS(GAME_ID, PLAYER_ID, TECH_ID, LEARNED) VALUES (v_game_id, 55, 8, FALSE);
    INSERT INTO BB_PLAYER_TECHS(GAME_ID, PLAYER_ID, TECH_ID, LEARNED) VALUES (v_game_id, 55, 11, FALSE);
    INSERT INTO BB_PLAYER_TECHS(GAME_ID, PLAYER_ID, TECH_ID, LEARNED) VALUES (v_game_id, 55, 14, FALSE);
    INSERT INTO BB_PLAYER_TECHS(GAME_ID, PLAYER_ID, TECH_ID, LEARNED) VALUES (v_game_id, 55, 35, FALSE);
    INSERT INTO BB_PLAYER_TECHS(GAME_ID, PLAYER_ID, TECH_ID, LEARNED) VALUES (v_game_id, 55, 40, FALSE);
    INSERT INTO BB_PLAYER_TECHS(GAME_ID, PLAYER_ID, TECH_ID, LEARNED) VALUES (v_game_id, 55, 44, FALSE);
    INSERT INTO BB_PLAYERS(PLAYER_ID, GAME_ID, NAME, MODEL, LEVEL, EXP, CURR_TEAM, SALARY, CONTRACT_LENGTH, KEYTECH1, KEYTECH2, KEYTECH3) VALUES(56, v_game_id, 'Abus', 'stormtrooper/stormtrooper.dae', 1, 0, 0, 500, 0, 3, 4, 5);
    INSERT INTO BB_PLAYER_TECHS(GAME_ID, PLAYER_ID, TECH_ID, LEARNED) VALUES (v_game_id, 56, 5, TRUE);
    INSERT INTO BB_PLAYER_TECHS(GAME_ID, PLAYER_ID, TECH_ID, LEARNED) VALUES (v_game_id, 56, 23, TRUE);
    INSERT INTO BB_PLAYER_TECHS(GAME_ID, PLAYER_ID, TECH_ID, LEARNED) VALUES (v_game_id, 56, 17, FALSE);
    INSERT INTO BB_PLAYER_TECHS(GAME_ID, PLAYER_ID, TECH_ID, LEARNED) VALUES (v_game_id, 56, 20, FALSE);
    INSERT INTO BB_PLAYER_TECHS(GAME_ID, PLAYER_ID, TECH_ID, LEARNED) VALUES (v_game_id, 56, 40, FALSE);
    INSERT INTO BB_PLAYER_TECHS(GAME_ID, PLAYER_ID, TECH_ID, LEARNED) VALUES (v_game_id, 56, 46, TRUE);
    INSERT INTO BB_PLAYER_TECHS(GAME_ID, PLAYER_ID, TECH_ID, LEARNED) VALUES (v_game_id, 56, 48, FALSE);
    INSERT INTO BB_PLAYERS(PLAYER_ID, GAME_ID, NAME, MODEL, LEVEL, EXP, CURR_TEAM, SALARY, CONTRACT_LENGTH, KEYTECH1, KEYTECH2, KEYTECH3) VALUES(57, v_game_id, 'Graav', 'stormtrooper/stormtrooper.dae', 1, 0, 0, 500, 0, 3, 4, 5);
	INSERT INTO BB_PLAYER_TECHS(GAME_ID, PLAYER_ID, TECH_ID, LEARNED) VALUES (v_game_id, 57, 17, TRUE);
    INSERT INTO BB_PLAYER_TECHS(GAME_ID, PLAYER_ID, TECH_ID, LEARNED) VALUES (v_game_id, 57, 14, FALSE);
    INSERT INTO BB_PLAYER_TECHS(GAME_ID, PLAYER_ID, TECH_ID, LEARNED) VALUES (v_game_id, 57, 20, FALSE);
    INSERT INTO BB_PLAYER_TECHS(GAME_ID, PLAYER_ID, TECH_ID, LEARNED) VALUES (v_game_id, 57, 23, FALSE);
    INSERT INTO BB_PLAYER_TECHS(GAME_ID, PLAYER_ID, TECH_ID, LEARNED) VALUES (v_game_id, 57, 26, FALSE);
    INSERT INTO BB_PLAYER_TECHS(GAME_ID, PLAYER_ID, TECH_ID, LEARNED) VALUES (v_game_id, 57, 32, TRUE);
    INSERT INTO BB_PLAYER_TECHS(GAME_ID, PLAYER_ID, TECH_ID, LEARNED) VALUES (v_game_id, 57, 44, FALSE);
    INSERT INTO BB_PLAYER_TECHS(GAME_ID, PLAYER_ID, TECH_ID, LEARNED) VALUES (v_game_id, 57, 8, FALSE);
    INSERT INTO BB_PLAYERS(PLAYER_ID, GAME_ID, NAME, MODEL, LEVEL, EXP, CURR_TEAM, SALARY, CONTRACT_LENGTH, KEYTECH1, KEYTECH2, KEYTECH3) VALUES(58, v_game_id, 'Balgerda', 'stormtrooper/stormtrooper.dae', 1, 0, 0, 500, 0, 3, 4, 5);
    INSERT INTO BB_PLAYER_TECHS(GAME_ID, PLAYER_ID, TECH_ID, LEARNED) VALUES (v_game_id, 58, 14, TRUE);
    INSERT INTO BB_PLAYER_TECHS(GAME_ID, PLAYER_ID, TECH_ID, LEARNED) VALUES (v_game_id, 58, 20, FALSE);
    INSERT INTO BB_PLAYER_TECHS(GAME_ID, PLAYER_ID, TECH_ID, LEARNED) VALUES (v_game_id, 58, 26, TRUE);
    INSERT INTO BB_PLAYER_TECHS(GAME_ID, PLAYER_ID, TECH_ID, LEARNED) VALUES (v_game_id, 58, 29, FALSE);
    INSERT INTO BB_PLAYER_TECHS(GAME_ID, PLAYER_ID, TECH_ID, LEARNED) VALUES (v_game_id, 58, 32, FALSE);
    INSERT INTO BB_PLAYER_TECHS(GAME_ID, PLAYER_ID, TECH_ID, LEARNED) VALUES (v_game_id, 58, 35, FALSE);
    INSERT INTO BB_PLAYER_TECHS(GAME_ID, PLAYER_ID, TECH_ID, LEARNED) VALUES (v_game_id, 58, 40, FALSE);
    INSERT INTO BB_PLAYER_TECHS(GAME_ID, PLAYER_ID, TECH_ID, LEARNED) VALUES (v_game_id, 58, 42, FALSE);
    INSERT INTO BB_PLAYERS(PLAYER_ID, GAME_ID, NAME, MODEL, LEVEL, EXP, CURR_TEAM, SALARY, CONTRACT_LENGTH, KEYTECH1, KEYTECH2, KEYTECH3) VALUES(59, v_game_id, 'Doram', 'stormtrooper/stormtrooper.dae', 1, 0, 0, 500, 0, 3, 4, 5);
    INSERT INTO BB_PLAYER_TECHS(GAME_ID, PLAYER_ID, TECH_ID, LEARNED) VALUES (v_game_id, 59, 14, FALSE);
    INSERT INTO BB_PLAYER_TECHS(GAME_ID, PLAYER_ID, TECH_ID, LEARNED) VALUES (v_game_id, 59, 20, TRUE);
    INSERT INTO BB_PLAYER_TECHS(GAME_ID, PLAYER_ID, TECH_ID, LEARNED) VALUES (v_game_id, 59, 26, TRUE);
    INSERT INTO BB_PLAYER_TECHS(GAME_ID, PLAYER_ID, TECH_ID, LEARNED) VALUES (v_game_id, 59, 29, FALSE);
    INSERT INTO BB_PLAYER_TECHS(GAME_ID, PLAYER_ID, TECH_ID, LEARNED) VALUES (v_game_id, 59, 32, FALSE);
    INSERT INTO BB_PLAYER_TECHS(GAME_ID, PLAYER_ID, TECH_ID, LEARNED) VALUES (v_game_id, 59, 35, TRUE);
    INSERT INTO BB_PLAYER_TECHS(GAME_ID, PLAYER_ID, TECH_ID, LEARNED) VALUES (v_game_id, 59, 40, FALSE);
    INSERT INTO BB_PLAYER_TECHS(GAME_ID, PLAYER_ID, TECH_ID, LEARNED) VALUES (v_game_id, 59, 44, FALSE);
    INSERT INTO BB_PLAYERS(PLAYER_ID, GAME_ID, NAME, MODEL, LEVEL, EXP, CURR_TEAM, SALARY, CONTRACT_LENGTH, KEYTECH1, KEYTECH2, KEYTECH3) VALUES(60, v_game_id, 'Raudy', 'stormtrooper/stormtrooper.dae', 1, 0, 0, 500, 0, 3, 4, 5);
    INSERT INTO BB_PLAYER_TECHS(GAME_ID, PLAYER_ID, TECH_ID, LEARNED) VALUES (v_game_id, 60, 17, FALSE);
    INSERT INTO BB_PLAYER_TECHS(GAME_ID, PLAYER_ID, TECH_ID, LEARNED) VALUES (v_game_id, 60, 11, TRUE);
    INSERT INTO BB_PLAYER_TECHS(GAME_ID, PLAYER_ID, TECH_ID, LEARNED) VALUES (v_game_id, 60, 23, FALSE);
    INSERT INTO BB_PLAYER_TECHS(GAME_ID, PLAYER_ID, TECH_ID, LEARNED) VALUES (v_game_id, 60, 26, FALSE);
    INSERT INTO BB_PLAYER_TECHS(GAME_ID, PLAYER_ID, TECH_ID, LEARNED) VALUES (v_game_id, 60, 40, FALSE);
    INSERT INTO BB_PLAYER_TECHS(GAME_ID, PLAYER_ID, TECH_ID, LEARNED) VALUES (v_game_id, 60, 49, FALSE);
    
	OPEN tech_cursor;
    tech_loop: LOOP
		FETCH tech_cursor INTO curr_tech_playerid, curr_tech_key, curr_tech_id;
        IF (techs_done) THEN
			LEAVE tech_loop;
		END IF;
        IF (curr_tech_key=-1) THEN
			INSERT INTO BB_PLAYER_TECHS(GAME_ID, PLAYER_ID, TECH_ID, LEARNED) VALUES (v_game_id, curr_tech_playerid, curr_tech_id, TRUE);
		ELSEIF (curr_tech_key=0) THEN
			INSERT INTO BB_PLAYER_TECHS(GAME_ID, PLAYER_ID, TECH_ID, LEARNED) VALUES (v_game_id, curr_tech_playerid, curr_tech_id, FALSE);
		END IF;
	END LOOP;
    CLOSE tech_cursor;
    
    IF EXISTS (SELECT * FROM BB_INFO WHERE USER_ID = p_identifier) THEN
		UPDATE BB_INFO SET GAME_ID=v_game_id, OPPONENT_1 = v_opp1, OPPONENT_2 = v_opp2, OPPONENT_3 = v_opp3, OPPONENT_4 = v_opp4, OPPONENT_5 = v_opp5, OPPONENT_6 = v_opp6, OPPONENT_7 = v_opp7 WHERE USER_ID=p_identifier;
	ELSE
		INSERT INTO BB_INFO(GAME_ID, USER_ID, OPPONENT_1, OPPONENT_2, OPPONENT_3, OPPONENT_4, OPPONENT_5, OPPONENT_6, OPPONENT_7) VALUES (v_game_id, p_identifier, v_opp1, v_opp2, v_opp3, v_opp4, v_opp5, v_opp6, v_opp7);
	END IF;
 RETURN (v_game_id);
END;

GRANT ALL PRIVILEGES ON mysql.proc TO 'webapp'@'localhost';
GRANT ALL PRIVILEGES ON mysql.proc TO 'webapp'@'%';